Workbook

Sheet Trends
A1: Week 2 (2015-2024)
A2: Win percentage for home teams favored from -6.5 to -5.5 in week 2: 57.14% (12 of 21) Cover percentage for home teams favored from -6.5 to -5.5 in week 2: 19.05% (4 of 21) | Z2: PHI, WAS
A3: Win percentage for road favorites in week 2 (2021-2024): 66.67% (16 of 24) | Z3: DEN
Z5: LAC, CLE, NO, NYJ, ATL, SEA, CHI (Teams to FADE week 1)
Z6: KC, CIN, ARI, PIT, TB, SF, MIN
E13: Opp_pYds | F13: Tm_pYds
E14: Opp_pTD | F14: Tm_pTD | J14: season
E15: Opp_rYds | F15: Tm_rYds
E16: Opp_rTD | F16: Tm_rTD
E17: Opp_rY/A | F17: Tm_rY/A
R33: Aaron Rodgers | S33: 7 | V33: =SUM(S33:S57) -> 165
R34: Baker Mayfield | S34: 8
R35: Bo Nix | S35: 9
R36: Brock Purdy | S36: 12
R37: Caleb Williams | S37: 10
R38: Davis Mills | S38: 4
R39: JJ McCarthy | S39: 10
R40: Jacoby Brissett | S40: 6
R41: Jameis Winston | S41: 15
R42: Joe Flacco | S42: 11
R43: Jordan Love | S43: 8
R44: Josh Allen | S44: 12
R45: Justin Herbert | S45: 12
... R51: Lawerence | S51: 3

Sheet Model Predictions
A1: Week | B1: Game | C1: Away | D1: Home | E1: Spread | F1: Total | G1: Over_Pred | H1: Under_Pred | I1: Cover_Pred | J1: Cover_Pred_Model | K1: Opp_Pts_Pred | L1: Tm_Pts_Pred | M1: Total_Pred | N1: Over_Prob | O1: Under_Prob | P1: Cover_Prob | Q1: Act_Opp_Pts | R1: Act_Tm_Pts | S1: Act_Total | T1: Cover | U1: Total_Kneibors | V1: Home_PRED_COVER | W1: Error_Spread_Opp | X1: Error_Spread_Tm | Y1: ABS_Spread_Opp | Z1: ABS_Spread_Tm | AA1: Squared_Error_Opp | AB1: Squared_Error_Tm | AC1: %_Error_Opp | AD1: %_Error_Tm | AE1: Mean_Absolute_Error_Opp | AF1: Mean_Absolute_Error_Tm | AG1: Mean_Squared_Error_Opp | AH1: Mean_Squared_Error_Tm | AI1: Root_Mean_Squared_Error_Opp | AJ1: Root_Mean_Squared_Error_Tm | AK1: STDEV_Opp | AL1: STDEV_Tm | AN1: Home TeamCover % | AO1: Total_Kneibors % | AP1: Home PRED_COVER
A2: 1 | B2: dal @ phi | C2: =TRIM(LEFT(B2, FIND("@", B2)-1)) -> dal | D2: =TRIM(MID(B2, FIND("@", B2)+1, LEN(B2))) -> phi | E2: -8.5 | F2: 48 | G2: Over | H2: Not Under | I2: 0 | J2: No Cover | K2: 26 | L2: 30 | M2: 56 | N2: 79 | O2: 21 | P2: 33 | Q2: 20 | R2: 24 | S2: =Q2+R2 -> 44 | T2: =IF(R2+E2>Q2,1,0) -> 0 | U2: =IF(G2="Over", IF(F2<S2, 1, 0), IF(F2>S2, 1, 0)) -> 0 | V2: =IF(AND(J2="No Cover", T2=0), 1, IF(AND(J2="Cover", T2=1), 1, 0)) -> 1 | W2: =Q2-K2 -> -6 | X2: =R2-L2 -> -6 | Y2: =ABS(W2) -> 6 | Z2: =ABS(X2) -> 6 | AA2: =(W2)^2 -> 36 | AB2: =(X2)^2 -> 36 | AC2: =ABS(W2)/Q2 -> 0.3 | AD2: =ABS(X2)/R2 -> 0.25 | AE2: =AVERAGE(Y:Y) -> 7.6158537 | AF2: =AVERAGE(Z:Z) -> 8.1158537 | AG2: =AVERAGE(AA:AA) -> 89.762195 | AH2: =AVERAGE(AB:AB) -> 104.75 | AI2: =SQRT(AG2) -> 9.4742913 | AJ2: =SQRT(AH2) -> 10.234745 | AK2: =_xlfn.STDEV.P(W:W) -> 9.4352008 | AL2: =_xlfn.STDEV.P(X:X) -> 10.197534 | AN2: =COUNTIF(T:T,1)/(COUNTIF(T:T,1)+COUNTIF(T:T,0)) -> 0.51219512 | AO2: =COUNTIF(U:U,1)/(COUNTIF(U:U,1)+COUNTIF(U:U,0)) -> 0.56097561 | AP2: =COUNTIF(V:V,1)/(COUNTIF(V:V,1)+COUNTIF(V:V,0)) -> 0.47560976
A3: 1 | B3: kan @ sdg | C3: =TRIM(LEFT(B3, FIND("@", B3)-1)) -> kan | D3: =TRIM(MID(B3, FIND("@", B3)+1, LEN(B3))) -> sdg | E3: 3 | F3: 47.5 | G3: Over | H3: Not Under | I3: 0 | J3: No Cover | K3: 29 | L3: 23 | M3: 52 | N3: 67 | O3: 33 | P3: 38 | Q3: 21 | R3: 27 | S3: =Q3+R3 -> 48 | T3: =IF(R3+E3>Q3,1,0) -> 1 | U3: =IF(G3="Over", IF(F3<S3, 1, 0), IF(F3>S3, 1, 0)) -> 1 | V3: =IF(AND(J3="No Cover", T3=0), 1, IF(AND(J3="Cover", T3=1), 1, 0)) -> 0 | W3: =Q3-K3 -> -8 | X3: =R3-L3 -> 4 | Y3: =ABS(W3) -> 8 | Z3: =ABS(X3) -> 4 | AA3: =(W3)^2 -> 64 | AB3: =(X3)^2 -> 16 | AC3: =ABS(W3)/Q3 -> 0.38095238 | AD3: =ABS(X3)/R3 -> 0.14814815
A4: 1 | B4: tam @ atl | C4: =TRIM(LEFT(B4, FIND("@", B4)-1)) -> tam | D4: =TRIM(MID(B4, FIND("@", B4)+1, LEN(B4))) -> atl | E4: 1 | F4: 47 | G4: Not Over | H4: Under | I4: 1 | J4: Cover | K4: 18 | L4: 26 | M4: 44 | N4: 38 | O4: 62 | P4: 82 | Q4: 23 | R4: 20 | S4: =Q4+R4 -> 43 | T4: =IF(R4+E4>Q4,1,0) -> 0 | U4: =IF(G4="Over", IF(F4<S4, 1, 0), IF(F4>S4, 1, 0)) -> 1 | V4: =IF(AND(J4="No Cover", T4=0), 1, IF(AND(J4="Cover", T4=1), 1, 0)) -> 0 | W4: =Q4-K4 -> 5 | X4: =R4-L4 -> -6 | Y4: =ABS(W4) -> 5 | Z4: =ABS(X4) -> 6 | AA4: =(W4)^2 -> 25 | AB4: =(X4)^2 -> 36 | AC4: =ABS(W4)/Q4 -> 0.2173913 | AD4: =ABS(X4)/R4 -> 0.3
A5: 1 | B5: cin @ cle | C5: =TRIM(LEFT(B5, FIND("@", B5)-1)) -> cin | D5: =TRIM(MID(B5, FIND("@", B5)+1, LEN(B5))) -> cle | E5: 5 | F5: 48 | G5: Over | H5: Not Under | I5: 0 | J5: No Cover | K5: 30 | L5: 24 | M5: 54 | N5: 73 | O5: 27 | P5: 47 | Q5: 17 | R5: 16 | S5: =Q5+R5 -> 33 | T5: =IF(R5+E5>Q5,1,0) -> 1 | U5: =IF(G5="Over", IF(F5<S5, 1, 0), IF(F5>S5, 1, 0)) -> 0 | V5: =IF(AND(J5="No Cover", T5=0), 1, IF(AND(J5="Cover", T5=1), 1, 0)) -> 0 | W5: =Q5-K5 -> -13 | X5: =R5-L5 -> -8 | Y5: =ABS(W5) -> 13 | Z5: =ABS(X5) -> 8 | AA5: =(W5)^2 -> 169 | AB5: =(X5)^2 -> 64 | AC5: =ABS(W5)/Q5 -> 0.76470588 | AD5: =ABS(X5)/R5 -> 0.5
A6: 1 | B6: mia @ clt | C6: =TRIM(LEFT(B6, FIND("@", B6)-1)) -> mia | D6: =TRIM(MID(B6, FIND("@", B6)+1, LEN(B6))) -> clt | E6: -1 | F6: 46.5 | G6: Not Over | H6: Under | I6: 0 | J6: No Cover | K6: 28 | L6: 22 | M6: 50 | N6: 64 | O6: 36 | P6: 24 | Q6: 8 | R6: 33 | S6: =Q6+R6 -> 41 | T6: =IF(R6+E6>Q6,1,0) -> 1 | U6: =IF(G6="Over", IF(F6<S6, 1, 0), IF(F6>S6, 1, 0)) -> 1 | V6: =IF(AND(J6="No Cover", T6=0), 1, IF(AND(J6="Cover", T6=1), 1, 0)) -> 0 | W6: =Q6-K6 -> -20 | X6: =R6-L6 -> 11 | Y6: =ABS(W6) -> 20 | Z6: =ABS(X6) -> 11 | AA6: =(W6)^2 -> 400 | AB6: =(X6)^2 -> 121 | AC6: =ABS(W6)/Q6 -> 2.5 | AD6: =ABS(X6)/R6 -> 0.33333333
A7: 1 | B7: car @ jax | C7: =TRIM(LEFT(B7, FIND("@", B7)-1)) -> car | D7: =TRIM(MID(B7, FIND("@", B7)+1, LEN(B7))) -> jax | E7: -4 | F7: 46.5 | G7: Over | H7: Not Under | I7: 1 | J7: Cover | K7: 21 | L7: 31 | M7: 52 | N7: 70 | O7: 30 | P7: 73 | Q7: 10 | R7: 26 | S7: =Q7+R7 -> 36 | T7: =IF(R7+E7>Q7,1,0) -> 1 | U7: =IF(G7="Over", IF(F7<S7, 1, 0), IF(F7>S7, 1, 0)) -> 0 | V7: =IF(AND(J7="No Cover", T7=0), 1, IF(AND(J7="Cover", T7=1), 1, 0)) -> 1 | W7: =Q7-K7 -> -11 | X7: =R7-L7 -> -5 | Y7: =ABS(W7) -> 11 | Z7: =ABS(X7) -> 5 | AA7: =(W7)^2 -> 121 | AB7: =(X7)^2 -> 25 | AC7: =ABS(W7)/Q7 -> 1.1 | AD7: =ABS(X7)/R7 -> 0.19230769
A8: 1 | B8: crd @ nor | C8: =TRIM(LEFT(B8, FIND("@", B8)-1)) -> crd | D8: =TRIM(MID(B8, FIND("@", B8)+1, LEN(B8))) -> nor | E8: 6.5 | F8: 44 | G8: Not Over | H8: Under | I8: 0 | J8: No Cover | K8: 26 | L8: 18 | M8: 44 | N8: 49 | O8: 51 | P8: 44 | Q8: 20 | R8: 13 | S8: =Q8+R8 -> 33 | T8: =IF(R8+E8>Q8,1,0) -> 0 | U8: =IF(G8="Over", IF(F8<S8, 1, 0), IF(F8>S8, 1, 0)) -> 1 | V8: =IF(AND(J8="No Cover", T8=0), 1, IF(AND(J8="Cover", T8=1), 1, 0)) -> 1 | W8: =Q8-K8 -> -6 | X8: =R8-L8 -> -5 | Y8: =ABS(W8) -> 6 | Z8: =ABS(X8) -> 5 | AA8: =(W8)^2 -> 36 | AB8: =(X8)^2 -> 25 | AC8: =ABS(W8)/Q8 -> 0.3 | AD8: =ABS(X8)/R8 -> 0.38461538
A9: 1 | B9: rai @ nwe | C9: =TRIM(LEFT(B9, FIND("@", B9)-1)) -> rai | D9: =TRIM(MID(B9, FIND("@", B9)+1, LEN(B9))) -> nwe | E9: -2.5 | F9: 44 | G9: Not Over | H9: Under | I9: 1 | J9: Cover | K9: 22 | L9: 28 | M9: 50 | N9: 73 | O9: 27 | P9: 65 | Q9: 20 | R9: 13 | S9: =Q9+R9 -> 33 | T9: =IF(R9+E9>Q9,1,0) -> 0 | U9: =IF(G9="Over", IF(F9<S9, 1, 0), IF(F9>S9, 1, 0)) -> 1 | V9: =IF(AND(J9="No Cover", T9=0), 1, IF(AND(J9="Cover", T9=1), 1, 0)) -> 0 | W9: =Q9-K9 -> -2 | X9: =R9-L9 -> -15 | Y9: =ABS(W9) -> 2 | Z9: =ABS(X9) -> 15 | AA9: =(W9)^2 -> 4 | AB9: =(X9)^2 -> 225 | AC9: =ABS(W9)/Q9 -> 0.1 | AD9: =ABS(X9)/R9 -> 1.1538462
A10: 1 | B10: pit @ nyj | C10: =TRIM(LEFT(B10, FIND("@", B10)-1)) -> pit | D10: =TRIM(MID(B10, FIND("@", B10)+1, LEN(B10))) -> nyj | E10: 3 | F10: 38 | G10: Not Over | H10: Under | I10: 0 | J10: No Cover | K10: 21 | L10: 14 | M10: 35 | N10: 38 | O10: 62 | P10: 34 | Q10: 34 | R10: 32 | S10: =Q10+R10 -> 66 | T10: =IF(R10+E10>Q10,1,0) -> 1 | U10: =IF(G10="Over", IF(F10<S10, 1, 0), IF(F10>S10, 1, 0)) -> 0 | V10: =IF(AND(J10="No Cover", T10=0), 1, IF(AND(J10="Cover", T10=1), 1, 0)) -> 0 | W10: =Q10-K10 -> 13 | X10: =R10-L10 -> 18 | Y10: =ABS(W10) -> 13 | Z10: =ABS(X10) -> 18 | AA10: =(W10)^2 -> 169 | AB10: =(X10)^2 -> 324 | AC10: =ABS(W10)/Q10 -> 0.38235294 | AD10: =ABS(X10)/R10 -> 0.5625
A11: 1 | B11: nyg @ was | C11: =TRIM(LEFT(B11, FIND("@", B11)-1)) -> nyg | D11: =TRIM(MID(B11, FIND("@", B11)+1, LEN(B11))) -> was | E11: -6 | F11: 45.5 | G11: Not Over | H11: Under | I11: 0 | J11: No Cover | K11: 21 | L11: 26 | M11: 47 | N11: 55 | O11: 45 | P11: 46 | Q11: 6 | R11: 21 | S11: =Q11+R11 -> 27 | T11: =IF(R11+E11>Q11,1,0) -> 1 | U11: =IF(G11="Over", IF(F11<S11, 1, 0), IF(F11>S11, 1, 0)) -> 1 | V11: =IF(AND(J11="No Cover", T11=0), 1, IF(AND(J11="Cover", T11=1), 1, 0)) -> 0 | W11: =Q11-K11 -> -15 | X11: =R11-L11 -> -5 | Y11: =ABS(W11) -> 15 | Z11: =ABS(X11) -> 5 | AA11: =(W11)^2 -> 225 | AB11: =(X11)^2 -> 25 | AC11: =ABS(W11)/Q11 -> 2.5 | AD11: =ABS(X11)/R11 -> 0.23809524
A12: 1 | B12: oti @ den | C12: =TRIM(LEFT(B12, FIND("@", B12)-1)) -> oti | D12: =TRIM(MID(B12, FIND("@", B12)+1, LEN(B12))) -> den | E12: -9 | F12: 43 | G12: Not Over | H12: Under | I12: 0 | J12: No Cover | K12: 17 | L12: 26 | M12: 43 | N12: 49 | O12: 51 | P12: 50 | Q12: 12 | R12: 20 | S12: =Q12+R12 -> 32 | T12: =IF(R12+E12>Q12,1,0) -> 0 | U12: =IF(G12="Over", IF(F12<S12, 1, 0), IF(F12>S12, 1, 0)) -> 1 | V12: =IF(AND(J12="No Cover", T12=0), 1, IF(AND(J12="Cover", T12=1), 1, 0)) -> 1 | W12: =Q12-K12 -> -5 | X12: =R12-L12 -> -6 | Y12: =ABS(W12) -> 5 | Z12: =ABS(X12) -> 6 | AA12: =(W12)^2 -> 25 | AB12: =(X12)^2 -> 36 | AC12: =ABS(W12)/Q12 -> 0.41666667 | AD12: =ABS(X12)/R12 -> 0.3
A13: 1 | B13: sfo @ sea | C13: =TRIM(LEFT(B13, FIND("@", B13)-1)) -> sfo | D13: =TRIM(MID(B13, FIND("@", B13)+1, LEN(B13))) -> sea | E13: 1 | F13: 43.5 | G13: Not Over | H13: Under | I13: 0 | J13: Cover | K13: 22 | L13: 22 | M13: 44 | N13: 51 | O13: 49 | P13: 54 | Q13: 17 | R13: 13 | S13: =Q13+R13 -> 30 | T13: =IF(R13+E13>Q13,1,0) -> 0 | U13: =IF(G13="Over", IF(F13<S13, 1, 0), IF(F13>S13, 1, 0)) -> 1 | V13: =IF(AND(J13="No Cover", T13=0), 1, IF(AND(J13="Cover", T13=1), 1, 0)) -> 0 | W13: =Q13-K13 -> -5 | X13: =R13-L13 -> -9 | Y13: =ABS(W13) -> 5 | Z13: =ABS(X13) -> 9 | AA13: =(W13)^2 -> 25 | AB13: =(X13)^2 -> 81 | AC13: =ABS(W13)/Q13 -> 0.29411765 | AD13: =ABS(X13)/R13 -> 0.69230769
A14: 1 | B14: det @ gnb | C14: =TRIM(LEFT(B14, FIND("@", B14)-1)) -> det | D14: =TRIM(MID(B14, FIND("@", B14)+1, LEN(B14))) -> gnb | E14: -2 | F14: 47.5 | G14: Not Over | H14: Under | I14: 0 | J14: No Cover | K14: 23 | L14: 19 | M14: 42 | N14: 29 | O14: 71 | P14: 27 | Q14: 13 | R14: 27 | S14: =Q14+R14 -> 40 | T14: =IF(R14+E14>Q14,1,0) -> 1 | U14: =IF(G14="Over", IF(F14<S14, 1, 0), IF(F14>S14, 1, 0)) -> 1 | V14: =IF(AND(J14="No Cover", T14=0), 1, IF(AND(J14="Cover", T14=1), 1, 0)) -> 0 | W14: =Q14-K14 -> -10 | X14: =R14-L14 -> 8 | Y14: =ABS(W14) -> 10 | Z14: =ABS(X14) -> 8 | AA14: =(W14)^2 -> 100 | AB14: =(X14)^2 -> 64 | AC14: =ABS(W14)/Q14 -> 0.76923077 | AD14: =ABS(X14)/R14 -> 0.2962963
... A165: 11 | B165: dal @ rai | C165: =TRIM(LEFT(B165, FIND("@", B165)-1)) -> dal | D165: =TRIM(MID(B165, FIND("@", B165)+1, LEN(B165))) -> rai | E165: 3.5 | F165: 50.5 | G165: Over | H165: Not Under | I165: 0 | J165: No Cover | K165: 33 | L165: 26 | M165: 59 | N165: 81 | O165: 19 | P165: 36 | Q165: 33 | R165: 16 | S165: =Q165+R165 -> 49 | T165: =IF(R165+E165>Q165,1,0) -> 0 | U165: =IF(G165="Over", IF(F165<S165, 1, 0), IF(F165>S165, 1, 0)) -> 0 | V165: =IF(AND(J165="No Cover", T165=0), 1, IF(AND(J165="Cover", T165=1), 1, 0)) -> 1 | W165: =Q165-K165 -> 0 | X165: =R165-L165 -> -10 | Y165: =ABS(W165) -> 0 | Z165: =ABS(X165) -> 10 | AA165: =(W165)^2 -> 0 | AB165: =(X165)^2 -> 100 | AC165: =ABS(W165)/Q165 -> 0 | AD165: =ABS(X165)/R165 -> 0.625
A166: 12 | B166: buf @ htx | C166: =TRIM(LEFT(B166, FIND("@", B166)-1)) -> buf | D166: =TRIM(MID(B166, FIND("@", B166)+1, LEN(B166))) -> htx | E166: 5.5 | F166: 43.5 | G166: Not Over | H166: Under | I166: 0 | J166: No Cover | K166: 28 | L166: 18 | M166: 46 | N166: 60 | O166: 40 | P166: 33
A167: 12 | B167: sea @ oti | C167: =TRIM(LEFT(B167, FIND("@", B167)-1)) -> sea | D167: =TRIM(MID(B167, FIND("@", B167)+1, LEN(B167))) -> oti | E167: 13.5 | F167: 40.5 | G167: Over | H167: Not Under | I167: 0 | J167: Cover | K167: 24 | L167: 15 | M167: 39 | N167: 44 | O167: 56 | P167: 68
A168: 12 | B168: nyg @ det | C168: =TRIM(LEFT(B168, FIND("@", B168)-1)) -> nyg | D168: =TRIM(MID(B168, FIND("@", B168)+1, LEN(B168))) -> det | E168: -10.5 | F168: 49.5 | G168: Over | H168: Not Under | I168: 1 | J168: No Cover | K168: 22 | L168: 31 | M168: 53 | N168: 63 | O168: 37 | P168: 45
A169: 12 | B169: nyj @ rav | C169: =TRIM(LEFT(B169, FIND("@", B169)-1)) -> nyj | D169: =TRIM(MID(B169, FIND("@", B169)+1, LEN(B169))) -> rav | E169: -13.5 | F169: 44.5 | G169: Over | H169: Not Under | I169: 0 | J169: No Cover | K169: 18 | L169: 28 | M169: 46 | N169: 56 | O169: 44 | P169: 37
A170: 12 | B170: pit @ chi | C170: =TRIM(LEFT(B170, FIND("@", B170)-1)) -> pit | D170: =TRIM(MID(B170, FIND("@", B170)+1, LEN(B170))) -> chi | E170: -3 | F170: 45 | G170: Not Over | H170: Under | I170: 0 | J170: No Cover | K170: 22 | L170: 21 | M170: 43 | N170: 42 | O170: 58 | P170: 34
A171: 12 | B171: nwe @ cin | C171: =TRIM(LEFT(B171, FIND("@", B171)-1)) -> nwe | D171: =TRIM(MID(B171, FIND("@", B171)+1, LEN(B171))) -> cin | E171: 7.5 | F171: 49.5 | G171: Over | H171: Not Under | I171: 0 | J171: No Cover | K171: 34 | L171: 18 | M171: 52 | N171: 60 | O171: 40 | P171: 20
A172: 12 | B172: clt @ kan | C172: =TRIM(LEFT(B172, FIND("@", B172)-1)) -> clt | D172: =TRIM(MID(B172, FIND("@", B172)+1, LEN(B172))) -> kan | E172: -3 | F172: 50.5 | G172: Not Over | H172: Under | I172: 0 | J172: No Cover | K172: 24 | L172: 26 | M172: 50 | N172: 49 | O172: 51 | P172: 47
A173: 12 | B173: min @ gnb | C173: =TRIM(LEFT(B173, FIND("@", B173)-1)) -> min | D173: =TRIM(MID(B173, FIND("@", B173)+1, LEN(B173))) -> gnb | E173: -6.5 | F173: 41 | G173: Not Over | H173: Under | I173: 0 | J173: No Cover | K173: 18 | L173: 21 | M173: 39 | N173: 43 | O173: 57 | P173: 36
A174: 12 | B174: cle @ rai | C174: =TRIM(LEFT(B174, FIND("@", B174)-1)) -> cle | D174: =TRIM(MID(B174, FIND("@", B174)+1, LEN(B174))) -> rai | E174: -3 | F174: 37 | G174: Over | H174: Not Under | I174: 1 | J174: Cover | K174: 18 | L174: 22 | M174: 40 | N174: 61 | O174: 39 | P174: 54
A175: 12 | B175: jax @ crd | C175: =TRIM(LEFT(B175, FIND("@", B175)-1)) -> jax | D175: =TRIM(MID(B175, FIND("@", B175)+1, LEN(B175))) -> crd | E175: 2.5 | F175: 47.5 | G175: Not Over | H175: Under | I175: 0 | J175: No Cover | K175: 25 | L175: 19 | M175: 44 | N175: 37 | O175: 63 | P175: 36
A176: 12 | B176: atl @ nor | C176: =TRIM(LEFT(B176, FIND("@", B176)-1)) -> atl | D176: =TRIM(MID(B176, FIND("@", B176)+1, LEN(B176))) -> nor | E176: -1.5 | F176: 39.5 | G176: Over | H176: Not Under | I176: 0 | J176: No Cover | K176: 27 | L176: 17 | M176: 44 | N176: 68 | O176: 32 | P176: 12
A177: 12 | B177: phi @ dal | C177: =TRIM(LEFT(B177, FIND("@", B177)-1)) -> phi | D177: =TRIM(MID(B177, FIND("@", B177)+1, LEN(B177))) -> dal | E177: 3.5 | F177: 49.5 | G177: Not Over | H177: Under | I177: 1 | J177: No Cover | K177: 26 | L177: 22 | M177: 48 | N177: 44 | O177: 56 | P177: 48
... A179: 12 | B179: car @ sfo | C179: =TRIM(LEFT(B179, FIND("@", B179)-1)) -> car | D179: =TRIM(MID(B179, FIND("@", B179)+1, LEN(B179))) -> sfo | E179: -7 | F179: 48.5 | G179: Not Over | H179: Under | I179: 0 | J179: Cover | K179: 21 | L179: 30 | M179: 51 | N179: 60 | O179: 40 | P179: 57

Sheet Matchup
A1: Vegas Lines | B1: Spread | C1: Total | D1: MyPRSPREAD | E1: YPPPR | H1: Model Predictions | K1: Cover_Pred_% | L1: Over_Pred_% | M1: Kneighbors Total | P1: 2024 Total/ATS | Q1: Over | R1: Under | S1: Cover | T1: Not Cover
A2: =P5 -> #VALUE! | B2: {=_xlfn.XLOOKUP($O$5, _xlfn._xlws.FILTER('Model Predictions'!$D$2:$D$179, 'Model Predictions'!$A$2:$A$179=12), _xlfn._xlws.FILTER('Model Predictions'!$E$2:$E$179, 'Model Predictions'!$A$2:$A$179=12), " ")} | C2: {=_xlfn.XLOOKUP($O$5, _xlfn._xlws.FILTER('Model Predictions'!$D$2:$D$179, 'Model Predictions'!$A$2:$A$179=12), _xlfn._xlws.FILTER('Model Predictions'!$F$2:$F$179, 'Model Predictions'!$A$2:$A$179=12), " ")} | D2: =_xlfn.XLOOKUP(P3,'Self PR'!B:B,'Self PR'!D:D," ")-_xlfn.XLOOKUP(P5,'Self PR'!B:B,'Self PR'!D:D," ") -2 -> -14.6 | E2: 2025 | F2: =_xlfn.XLOOKUP($C$10,'Power Rating'!$A:$A,'Power Rating'!$D:$D," ")-_xlfn.XLOOKUP($G$10,'Power Rating'!$A:$A,'Power Rating'!$D:$D," ") -2 -> #REF! | H2: =P3 -> #VALUE! | I2: {=_xlfn.XLOOKUP($O$3, _xlfn._xlws.FILTER('Model Predictions'!$C$2:$C$179, 'Model Predictions'!$A$2:$A$179=12), _xlfn._xlws.FILTER('Model Predictions'!$K$2:$K$179, 'Model Predictions'!$A$2:$A$179=12), " ")} | K2: {=_xlfn.XLOOKUP($O$5, _xlfn._xlws.FILTER('Model Predictions'!$D$2:$D$179, 'Model Predictions'!$A$2:$A$179=12), _xlfn._xlws.FILTER('Model Predictions'!$P$2:$P$179, 'Model Predictions'!$A$2:$A$179=12), " ") %} -> #VALUE! | L2: {=_xlfn.XLOOKUP($O$5, _xlfn._xlws.FILTER('Model Predictions'!$D$2:$D$179, 'Model Predictions'!$A$2:$A$179=12), _xlfn._xlws.FILTER('Model Predictions'!$N$2:$N$179, 'Model Predictions'!$A$2:$A$179=12), " ")%} -> #VALUE! | M2: {=_xlfn.XLOOKUP($O$5, _xlfn._xlws.FILTER('Model Predictions'!$D$2:$D$179, 'Model Predictions'!$A$2:$A$179=12), _xlfn._xlws.FILTER('Model Predictions'!$G$2:$G$179, 'Model Predictions'!$A$2:$A$179=12), " ")}
E3: Last 3 | F3: =_xlfn.XLOOKUP($C$10,'Power Rating'!$F:$F,'Power Rating'!$I:$I," ")-_xlfn.XLOOKUP($G$10,'Power Rating'!$F:$F,'Power Rating'!$I:$I," ") -2 -> #VALUE! | O3: =_xlfn.XLOOKUP(P3,Teams!D:D,Teams!E:E, " ") -> CIN | P3: =A10 -> #VALUE! | Q3: =_xlfn.XLOOKUP(O3,'2024 Over_Under'!K:K,'2024 Over_Under'!M:M, " ") -> 5 | R3: =_xlfn.XLOOKUP(O3,'2024 Over_Under'!K:K,'2024 Over_Under'!N:N, " ") -> 4 | S3: =_xlfn.XLOOKUP(O3,'2024 Over_Under'!K:K,'2024 Over_Under'!O:O, " ") -> 7 | T3: =_xlfn.XLOOKUP(O3,'2024 Over_Under'!K:K,'2024 Over_Under'!P:P, " ") -> 2
E4: Home | F4: =_xlfn.XLOOKUP($C$10,'Power Rating'!$P:$P,'Power Rating'!$S:$S," ")-_xlfn.XLOOKUP($G$10,'Power Rating'!$K:$K,'Power Rating'!$N:$N," ") -2 -> #VALUE! | H4: =P5 -> #VALUE! | I4: {=_xlfn.XLOOKUP($O$5, _xlfn._xlws.FILTER('Model Predictions'!$D$2:$D$179, 'Model Predictions'!$A$2:$A$179=12), _xlfn._xlws.FILTER('Model Predictions'!$L$2:$L$179, 'Model Predictions'!$A$2:$A$179=12), " ")} | K4: Model_Cover_Pred | M4: Total Kneighbors
K5: ='Model Predictions'!AP2 -> 0.47560976 | M5: ='Model Predictions'!AO2 -> 0.56097561 | O5: =_xlfn.XLOOKUP(P5,Teams!D:D,Teams!E:E, " ") -> BUF | P5: =I10 -> #VALUE! | Q5: =_xlfn.XLOOKUP($O$5,'2024 Over_Under'!$R:$R,'2024 Over_Under'!T:T, " ") -> 7 | R5: =_xlfn.XLOOKUP($O$5,'2024 Over_Under'!$R:$R,'2024 Over_Under'!U:U, " ") -> 1 | S5: =_xlfn.XLOOKUP($O$5,'2024 Over_Under'!$R:$R,'2024 Over_Under'!V:V, " ") -> 5 | T5: =_xlfn.XLOOKUP($O$5,'2024 Over_Under'!$R:$R,'2024 Over_Under'!W:W, " ") -> 3
K7: =(C12+H12)/2 -> 22.85 | L7: =(U12+P12)/2 -> 31.3
L8: =K7+L7 -> 54.15
C9: Away Team Offense | G9: Home Team Defense | P9: Away Team Defense | T9: Home Team Offense
A10: =_xlfn.XLOOKUP(C10,Teams!$B:$B,Teams!$D:$D, " ") -> #VALUE! | C10: Cincinnati Bengals | G10: Buffalo Bills | I10: =_xlfn.XLOOKUP(G10,Teams!$B:$B,Teams!$D:$D, " ") -> #VALUE! | N10: =_xlfn.XLOOKUP(P10,Teams!$B:$B,Teams!$D:$D, " ") -> #VALUE! | P10: =C10 -> Cincinnati Bengals | T10: =G10 -> Buffalo Bills | V10: =_xlfn.XLOOKUP(T10,Teams!$B:$B,Teams!$D:$D, " ") -> #VALUE!
C12: =_xlfn.XLOOKUP($C$10,'Offense Data 2025'!$B$120:$B$151,'Offense Data 2025'!$U$120:$U$151, " ") -> 22.8 | D12: =_xlfn.RANK.EQ(C12,'Offense Data 2025'!$U$120:$U$151,0) -> #N/A | E12: Points Per Game | G12: =_xlfn.RANK.EQ(H12,'Defense Data 2025'!$U$120:$U$151,1) -> 14 | H12: =_xlfn.XLOOKUP($G$10,'Defense Data 2025'!$B$120:$B$151,'Defense Data 2025'!$U$120:$U$151, " ") -> 22.9 | P12: =_xlfn.XLOOKUP($C$10,'Defense Data 2025'!$B$120:$B$151,'Defense Data 2025'!$U$120:$U$151, " ") -> 33.4 | Q12: =_xlfn.RANK.EQ(P12,'Defense Data 2025'!$U$120:$U$151,1) -> 32 | R12: Points Per Game | T12: =_xlfn.RANK.EQ(U12,'Offense Data 2025'!$U$120:$U$151,0) -> #N/A | U12: =_xlfn.XLOOKUP($G$10,'Offense Data 2025'!$B$120:$B$151,'Offense Data 2025'!$U$120:$U$151, " ") -> 29.2
C13: Passing Stats | P13: Passing Stats
C14: =_xlfn.XLOOKUP($C$10,'Offense Data 2025'!$B$42:$B$73,'Offense Data 2025'!$F$42:$F$73, " ") -> 63.3 | D14: =_xlfn.RANK.EQ(C14,'Offense Data 2025'!$F$42:$F$73,0) -> 22 | E14: Passing % | G14: =_xlfn.RANK.EQ(H14,'Defense Data 2025'!$F$42:$F$73,1) -> 5 | H14: =_xlfn.XLOOKUP($G$10,'Defense Data 2025'!$B$42:$B$73,'Defense Data 2025'!$F$42:$F$73, " ") -> 61.8 | P14: =_xlfn.XLOOKUP($C$10,'Defense Data 2025'!$B$42:$B$73,'Defense Data 2025'!$F$42:$F$73, " ") -> 67.2 | Q14: =_xlfn.RANK.EQ(P14,'Defense Data 2025'!$F$42:$F$73,1) -> 22 | R14: Passing % | T14: =_xlfn.RANK.EQ(U14,'Offense Data 2025'!$F$42:$F$73,0) -> 5 | U14: =_xlfn.XLOOKUP($G$10,'Offense Data 2025'!$B$42:$B$73,'Offense Data 2025'!$F$42:$F$73, " ") -> 69.2
C15: =_xlfn.XLOOKUP($C$10,'Offense Data 2025'!$B$42:$B$73,'Offense Data 2025'!$P$42:$P$73, " ") -> 225.7 | D15: =_xlfn.RANK.EQ(C15,'Offense Data 2025'!$P$42:$P$73,0) -> 14 | E15: Passing Yards/Game | G15: =_xlfn.RANK.EQ(H15,'Defense Data 2025'!$P$42:$P$73,1) -> 2 | H15: =_xlfn.XLOOKUP($G$10,'Defense Data 2025'!$B$42:$B$73,'Defense Data 2025'!$P$42:$P$73, " ") -> 169.7 | P15: =_xlfn.XLOOKUP($C$10,'Defense Data 2025'!$B$42:$B$73,'Defense Data 2025'!$P$42:$P$73, " ") -> 257.3 | Q15: =_xlfn.RANK.EQ(P15,'Defense Data 2025'!$P$42:$P$73,1) -> 31 | R15: Passing Yards/Game | T15: =_xlfn.RANK.EQ(U15,'Offense Data 2025'!$P$42:$P$73,0) -> 8 | U15: =_xlfn.XLOOKUP($G$10,'Offense Data 2025'!$B$42:$B$73,'Offense Data 2025'!$P$42:$P$73, " ") -> 239.8
C16: =_xlfn.XLOOKUP($C$10,'Offense Data 2025'!$B$42:$B$73,'Offense Data 2025'!$G$42:$G$73, " ") -> 2257 | D16: =_xlfn.RANK.EQ(C16,'Offense Data 2025'!$G$42:$G$73,0) -> 16 | E16: Passing Yards | G16: =_xlfn.RANK.EQ(H16,'Defense Data 2025'!$G$42:$G$73,1) -> 2 | H16: =_xlfn.XLOOKUP($G$10,'Defense Data 2025'!$B$42:$B$73,'Defense Data 2025'!$G$42:$G$73, " ") -> 1697 | P16: =_xlfn.XLOOKUP($C$10,'Defense Data 2025'!$B$42:$B$73,'Defense Data 2025'!$G$42:$G$73, " ") -> 2573 | Q16: =_xlfn.RANK.EQ(P16,'Defense Data 2025'!$G$42:$G$73,1) -> 29 | R16: Passing Yards | T16: =_xlfn.RANK.EQ(U16,'Offense Data 2025'!$G$42:$G$73,0) -> 9 | U16: =_xlfn.XLOOKUP($G$10,'Offense Data 2025'!$B$42:$B$73,'Offense Data 2025'!$G$42:$G$73, " ") -> 2398
C17: =_xlfn.XLOOKUP($C$10,'Offense Data 2025'!$B$42:$B$73,'Offense Data 2025'!$H$42:$H$73, " ") -> 20 | D17: =_xlfn.RANK.EQ(C17,'Offense Data 2025'!$H$42:$H$73,0) -> 4 | E17: Passing TDs | G17: =_xlfn.RANK.EQ(H17,'Defense Data 2025'!$H$42:$H$73,1) -> 4 | H17: =_xlfn.XLOOKUP($G$10,'Defense Data 2025'!$B$42:$B$73,'Defense Data 2025'!$H$42:$H$73, " ") -> 10 | P17: =_xlfn.XLOOKUP($C$10,'Defense Data 2025'!$B$42:$B$73,'Defense Data 2025'!$H$42:$H$73, " ") -> 25 | Q17: =_xlfn.RANK.EQ(P17,'Defense Data 2025'!$H$42:$H$73,1) -> 32 | R17: Passing TDs | T17: =_xlfn.RANK.EQ(U17,'Offense Data 2025'!$H$42:$H$73,0) -> 9 | U17: =_xlfn.XLOOKUP($G$10,'Offense Data 2025'!$B$42:$B$73,'Offense Data 2025'!$H$42:$H$73, " ") -> 18
C18: =_xlfn.XLOOKUP($C$10,'Offense Data 2025'!$B$42:$B$73,'Offense Data 2025'!$J$42:$J$73, " ") -> 11 | D18: =_xlfn.RANK.EQ(C18,'Offense Data 2025'!$J$42:$J$73,1) -> 28 | E18: Interceptions Thrown | G18: =_xlfn.RANK.EQ(H18,'Defense Data 2025'!$J$42:$J$73,0) -> 14 | H18: =_xlfn.XLOOKUP($G$10,'Defense Data 2025'!$B$42:$B$73,'Defense Data 2025'!$J$42:$J$73, " ") -> 7 | P18: =_xlfn.XLOOKUP($C$10,'Defense Data 2025'!$B$42:$B$73,'Defense Data 2025'!$J$42:$J$73, " ") -> 8 | Q18: =_xlfn.RANK.EQ(P18,'Defense Data 2025'!$J$42:$J$73,0) -> 11 | R18: Interceptions | T18: =_xlfn.RANK.EQ(U18,'Offense Data 2025'!$J$42:$J$73,1) -> 14 | U18: =_xlfn.XLOOKUP($G$10,'Offense Data 2025'!$B$42:$B$73,'Offense Data 2025'!$J$42:$J$73, " ") -> 7
C19: =_xlfn.XLOOKUP($C$10,'Offense Data 2025'!$B$42:$B$73,'Offense Data 2025'!$R$42:$R$73, " ") -> 23 | D19: =_xlfn.RANK.EQ(C19,'Offense Data 2025'!$R$42:$R$73,1) -> 15 | E19: Times Sacked | G19: =_xlfn.RANK.EQ(H19,'Defense Data 2025'!$R$42:$R$73,0) -> 10 | H19: =_xlfn.XLOOKUP($G$10,'Defense Data 2025'!$B$42:$B$73,'Defense Data 2025'!$R$42:$R$73, " ") -> 26 | P19: =_xlfn.XLOOKUP($C$10,'Defense Data 2025'!$B$42:$B$73,'Defense Data 2025'!$R$42:$R$73, " ") -> 14 | Q19: =_xlfn.RANK.EQ(P19,'Defense Data 2025'!$R$42:$R$73,0) -> 31 | R19: Times Sacked | T19: =_xlfn.RANK.EQ(U19,'Offense Data 2025'!$R$42:$R$73,1) -> 10 | U19: =_xlfn.XLOOKUP($G$10,'Offense Data 2025'!$B$42:$B$73,'Offense Data 2025'!$R$42:$R$73, " ") -> 20
C20: Rushing Stats | P20: Rushing Stats
C21: =_xlfn.XLOOKUP($C$10,'Offense Data 2025'!$B$81:$B$112,'Offense Data 2025'!$D$81:$D$112, " ") -> 191 | D21: =_xlfn.RANK.EQ(C21,'Offense Data 2025'!$D$81:$D$112,0) -> 32 | E21: Rushing Attempts | G21: =_xlfn.RANK.EQ(H21,'Defense Data 2025'!$D$81:$D$112,1) -> 2 | H21: =_xlfn.XLOOKUP($G$10,'Defense Data 2025'!$B$42:$B$73,'Defense Data 2025'!$D$81:$D$112, " ") -> 226 | P21: =_xlfn.XLOOKUP($C$10,'Defense Data 2025'!$B$42:$B$73,'Defense Data 2025'!$D$81:$D$112, " ") -> 282 | Q21: =_xlfn.RANK.EQ(P21,'Defense Data 2025'!$D$81:$D$112,1) -> 21 | R21: Rushing Attempts | T21: =_xlfn.RANK.EQ(U21,'Offense Data 2025'!$D$81:$D$112,0) -> 7 | U21: =_xlfn.XLOOKUP($G$10,'Offense Data 2025'!$B$81:$B$112,'Offense Data 2025'!$D$81:$D$112, " ") -> 301
C22: =_xlfn.XLOOKUP($C$10,'Offense Data 2025'!$B$81:$B$112,'Offense Data 2025'!$E$81:$E$112, " ") -> 814 | D22: =_xlfn.RANK.EQ(C22,'Offense Data 2025'!$E$81:$E$112,0) -> 30 | E22: Rushing Yards | G22: =_xlfn.RANK.EQ(H22,'Defense Data 2025'!$E$81:$E$112,1) -> 2 | H22: =_xlfn.XLOOKUP($G$10,'Defense Data 2025'!$B$42:$B$73,'Defense Data 2025'!$E$81:$E$112, " ") -> 871 | P22: =_xlfn.XLOOKUP($C$10,'Defense Data 2025'!$B$42:$B$73,'Defense Data 2025'!$E$81:$E$112, " ") -> 1530 | Q22: =_xlfn.RANK.EQ(P22,'Defense Data 2025'!$E$81:$E$112,1) -> 29 | R22: Rushing Yards | T22: =_xlfn.RANK.EQ(U22,'Offense Data 2025'!$E$81:$E$112,0) -> 2 | U22: =_xlfn.XLOOKUP($G$10,'Offense Data 2025'!$B$81:$B$112,'Offense Data 2025'!$E$81:$E$112, " ") -> 1476
C23: =_xlfn.XLOOKUP($C$10,'Offense Data 2025'!$B$81:$B$112,'Offense Data 2025'!$H$81:$H$112, " ") -> 4.3 | D23: =_xlfn.RANK.EQ(C23,'Offense Data 2025'!$H$81:$H$112,0) -> 17 | E23: Rushing Yards per attempt | G23: =_xlfn.RANK.EQ(H23,'Defense Data 2025'!$G$81:$G$112,1) -> 4 | H23: =_xlfn.XLOOKUP($G$10,'Defense Data 2025'!$B$42:$B$73,'Defense Data 2025'!$G$81:$G$112, " ") -> 3.9 | P23: =_xlfn.XLOOKUP($C$10,'Defense Data 2025'!$B$42:$B$73,'Defense Data 2025'!$G$81:$G$112, " ") -> 5.4 | Q23: =_xlfn.RANK.EQ(P23,'Defense Data 2025'!$G$81:$G$112,1) -> 31 | R23: Rushing Yards per attempt | T23: =_xlfn.RANK.EQ(U23,'Offense Data 2025'!$H$81:$H$112,0) -> 4 | U23: =_xlfn.XLOOKUP($G$10,'Offense Data 2025'!$B$81:$B$112,'Offense Data 2025'!$H$81:$H$112, " ") -> 4.9
C24: =_xlfn.XLOOKUP($C$10,'Offense Data 2025'!$B$81:$B$112,'Offense Data 2025'!$I$81:$I$112, " ") -> 81.4 | D24: =_xlfn.RANK.EQ(C24,'Offense Data 2025'!$I$81:$I$112,0) -> 30 | E24: Rushing Yards Per Game | G24: =_xlfn.RANK.EQ(H24,'Defense Data 2025'!$H$81:$H$112,1) -> 3 | H24: =_xlfn.XLOOKUP($G$10,'Defense Data 2025'!$B$42:$B$73,'Defense Data 2025'!$H$81:$H$112, " ") -> 87.1 | P24: =_xlfn.XLOOKUP($C$10,'Defense Data 2025'!$B$42:$B$73,'Defense Data 2025'!$H$81:$H$112, " ") -> 153 | Q24: =_xlfn.RANK.EQ(P24,'Defense Data 2025'!$H$81:$H$112,1) -> 31 | R24: Rushing Yards Per Game | T24: =_xlfn.RANK.EQ(U24,'Offense Data 2025'!$I$81:$I$112,0) -> 1 | U24: =_xlfn.XLOOKUP($G$10,'Offense Data 2025'!$B$81:$B$112,'Offense Data 2025'!$I$81:$I$112, " ") -> 147.6
C25: =_xlfn.XLOOKUP($C$10,'Offense Data 2025'!$B$81:$B$112,'Offense Data 2025'!$F$81:$F$112, " ") -> 5 | D25: =_xlfn.RANK.EQ(C25,'Offense Data 2025'!$F$81:$F$112,0) -> 26 | E25: Rushing Touchdowns | G25: =_xlfn.RANK.EQ(H25,'Defense Data 2025'!$F$81:$F$112,1) -> 7 | H25: =_xlfn.XLOOKUP($G$10,'Defense Data 2025'!$B$42:$B$73,'Defense Data 2025'!$F$81:$F$112, " ") -> 8 | P25: =_xlfn.XLOOKUP($C$10,'Defense Data 2025'!$B$42:$B$73,'Defense Data 2025'!$F$81:$F$112, " ") -> 17 | Q25: =_xlfn.RANK.EQ(P25,'Defense Data 2025'!$F$81:$F$112,1) -> 32 | R25: Rushing Touchdowns | T25: =_xlfn.RANK.EQ(U25,'Offense Data 2025'!$F$81:$F$112,0) -> 2 | U25: =_xlfn.XLOOKUP($G$10,'Offense Data 2025'!$B$81:$B$112,'Offense Data 2025'!$F$81:$F$112, " ") -> 19
C26: =_xlfn.XLOOKUP($C$10,'Offense Data 2025'!$B$81:$B$112,'Offense Data 2025'!$J$81:$J$112, " ") -> 9 | D26: =_xlfn.RANK.EQ(C26,'Offense Data 2025'!$J$81:$J$112,1) -> 8 | E26: Rushing Fumbles | G26: =_xlfn.RANK.EQ(H26,'Defense Data 2025'!$I$3:$I$34,0) -> 8 | H26: =_xlfn.XLOOKUP(G10,'Defense Data 2025'!$B$3:$B$34,'Defense Data 2025'!$I$3:$I$34, " ") -> 6 | P26: =_xlfn.XLOOKUP(C10,'Defense Data 2025'!$B$3:$B$34,'Defense Data 2025'!$I$3:$I$34, " ") -> 1 | Q26: =_xlfn.RANK.EQ(P26,'Defense Data 2025'!$I$3:$I$34,0) -> 30 | R26: Rushing Fumbles | T26: =_xlfn.RANK.EQ(U26,'Offense Data 2025'!$J$81:$J$112,1) -> 21 | U26: =_xlfn.XLOOKUP($G$10,'Offense Data 2025'!$B$81:$B$112,'Offense Data 2025'!$J$81:$J$112, " ") -> 12
C27: Drive Averages
C28: =_xlfn.XLOOKUP($C$10,'Offense Data 2025'!$B$159:$B$190,'Offense Data 2025'!$F$159:$F$190, " ") -> 37.4 | D28: =_xlfn.RANK.EQ(C28,'Offense Data 2025'!$F$159:$F$190,0) -> 21 | E28: % end w/points | G28: =_xlfn.RANK.EQ(H28,'Offense Data 2025'!$F$159:$F$190,0) -> 4 | H28: =_xlfn.XLOOKUP(G10,'Offense Data 2025'!$B$159:$B$190,'Offense Data 2025'!$F$159:$F$190, " ") -> 47.2
C29: =_xlfn.XLOOKUP($C$10,'Offense Data 2025'!$B$159:$B$190,'Offense Data 2025'!$H$159:$H$190, " ") -> 5.7 | D29: =_xlfn.RANK.EQ(C29,'Offense Data 2025'!$H$159:$H$190,0) -> 22 | E29: average play per drive | G29: =_xlfn.RANK.EQ(H29,'Offense Data 2025'!$H$159:$H$190,0) -> 16 | H29: =_xlfn.XLOOKUP(G10,'Offense Data 2025'!$B$159:$B$190,'Offense Data 2025'!$H$159:$H$190, " ") -> 6
C30: =_xlfn.XLOOKUP($C$10,'Offense Data 2025'!$B$159:$B$190,'Offense Data 2025'!$I$159:$I$190, " ") -> 28.7 | D30: =_xlfn.RANK.EQ(C30,'Offense Data 2025'!$I$159:$I$190,0) -> 25 | E30: Net yards per drive | G30: =_xlfn.RANK.EQ(H30,'Offense Data 2025'!$I$159:$I$190,0) -> 3 | H30: =_xlfn.XLOOKUP(G10,'Offense Data 2025'!$B$159:$B$190,'Offense Data 2025'!$I$159:$I$190, " ") -> 36.5
C31: =_xlfn.XLOOKUP($C$10,'Offense Data 2025'!$B$159:$B$190,'Offense Data 2025'!$K$159:$K$190, " ") -> 0.10555556 | D31: =_xlfn.RANK.EQ(C31,'Offense Data 2025'!$K$159:$K$190,0) -> 31 | E31: Drive Duration | G31: =_xlfn.RANK.EQ(H31,'Offense Data 2025'!$K$159:$K$190,0) -> 8 | H31: =_xlfn.XLOOKUP(G10,'Offense Data 2025'!$B$159:$B$190,'Offense Data 2025'!$K$159:$K$190, " ") -> 0.12708333

Sheet Power Rating
B1: 2025 | C1: Power Rating | D1: Power Rating | F1: Last 3 | H1: Power Rating | I1: Power Rating | K1: Home | M1: Power Rating | N1: Power Rating | P1: Away | R1: Power Rating | S1: Power Rating
A2: =_xlfn.XLOOKUP(B2,Teams!A:A,Teams!B:B, " ") -> Buffalo Bills | B2: Buffalo | C2: {=_xlfn.XLOOKUP(A2,YPP!$A$2:$A$33,#REF!, " ") - _xlfn.XLOOKUP(A2,YPP!$R$2:$R$33,#REF!, " ")} -> #REF! | D2: =C2*-1 -> #REF! | F2: =_xlfn.XLOOKUP(G2,Teams!$A:$A,Teams!$B:$B, " ") -> Buffalo Bills | G2: Buffalo | H2: =_xlfn.XLOOKUP(F2,YPP!$A:$A,YPP!$N:$N, " ")-_xlfn.XLOOKUP(F2,YPP!$T:$T,YPP!$X:$X, " ") -> #VALUE! | I2: =H2*-1 -> #VALUE! | K2: =_xlfn.XLOOKUP(L2,Teams!$A:$A,Teams!$B:$B, " ") -> Buffalo Bills | L2: Buffalo | M2: =_xlfn.XLOOKUP(K2,YPP!$A:$A,YPP!$P:$P, " ")-_xlfn.XLOOKUP(K2,YPP!$T:$T,YPP!$Z:$Z, " ") -> #VALUE! | N2: =M2*-1 -> #VALUE! | P2: =_xlfn.XLOOKUP(Q2,Teams!$A:$A,Teams!$B:$B, " ") -> Buffalo Bills | Q2: Buffalo | R2: =_xlfn.XLOOKUP(P2,YPP!$A:$A,YPP!$Q:$Q, " ")-_xlfn.XLOOKUP(P2,YPP!$T:$T,YPP!$AA:$AA, " ") -> #VALUE! | S2: =R2*-1 -> #VALUE!
A3: =_xlfn.XLOOKUP(B3,Teams!A:A,Teams!B:B, " ") -> Los Angeles Chargers | B3: LA Chargers | C3: {=_xlfn.XLOOKUP(A3,YPP!$A$2:$A$33,#REF!, " ") - _xlfn.XLOOKUP(A3,YPP!$R$2:$R$33,#REF!, " ")} -> #REF! | D3: =C3*-1 -> #REF! | F3: =_xlfn.XLOOKUP(G3,Teams!A:A,Teams!B:B, " ") -> Detroit Lions | G3: Detroit | H3: =_xlfn.XLOOKUP(F3,YPP!$A:$A,YPP!$N:$N, " ")-_xlfn.XLOOKUP(F3,YPP!$T:$T,YPP!$X:$X, " ") -> #VALUE! | I3: =H3*-1 -> #VALUE! | K3: =_xlfn.XLOOKUP(L3,Teams!$A:$A,Teams!$B:$B, " ") -> Detroit Lions | L3: Detroit | M3: =_xlfn.XLOOKUP(K3,YPP!$A:$A,YPP!$P:$P, " ")-_xlfn.XLOOKUP(K3,YPP!$T:$T,YPP!$Z:$Z, " ") -> #VALUE! | N3: =M3*-1 -> #VALUE! | P3: =_xlfn.XLOOKUP(Q3,Teams!$A:$A,Teams!$B:$B, " ") -> Detroit Lions | Q3: Detroit | R3: =_xlfn.XLOOKUP(P3,YPP!$A:$A,YPP!$Q:$Q, " ")-_xlfn.XLOOKUP(P3,YPP!$T:$T,YPP!$AA:$AA, " ") -> #VALUE! | S3: =R3*-1 -> #VALUE!
A4: =_xlfn.XLOOKUP(B4,Teams!A:A,Teams!B:B, " ") -> Denver Broncos | B4: Denver | C4: {=_xlfn.XLOOKUP(A4,YPP!$A$2:$A$33,#REF!, " ") - _xlfn.XLOOKUP(A4,YPP!$R$2:$R$33,#REF!, " ")} -> #REF! | D4: =C4*-1 -> #REF! | F4: =_xlfn.XLOOKUP(G4,Teams!A:A,Teams!B:B, " ") -> Philadelphia Eagles | G4: Philadelphia | H4: =_xlfn.XLOOKUP(F4,YPP!$A:$A,YPP!$N:$N, " ")-_xlfn.XLOOKUP(F4,YPP!$T:$T,YPP!$X:$X, " ") -> #VALUE! | I4: =H4*-1 -> #VALUE! | K4: =_xlfn.XLOOKUP(L4,Teams!$A:$A,Teams!$B:$B, " ") -> Philadelphia Eagles | L4: Philadelphia | M4: =_xlfn.XLOOKUP(K4,YPP!$A:$A,YPP!$P:$P, " ")-_xlfn.XLOOKUP(K4,YPP!$T:$T,YPP!$Z:$Z, " ") -> #VALUE! | N4: =M4*-1 -> #VALUE! | P4: =_xlfn.XLOOKUP(Q4,Teams!$A:$A,Teams!$B:$B, " ") -> Philadelphia Eagles | Q4: Philadelphia | R4: =_xlfn.XLOOKUP(P4,YPP!$A:$A,YPP!$Q:$Q, " ")-_xlfn.XLOOKUP(P4,YPP!$T:$T,YPP!$AA:$AA, " ") -> #VALUE! | S4: =R4*-1 -> #VALUE!
A5: =_xlfn.XLOOKUP(B5,Teams!A:A,Teams!B:B, " ") -> Detroit Lions | B5: Detroit | C5: {=_xlfn.XLOOKUP(A5,YPP!$A$2:$A$33,#REF!, " ") - _xlfn.XLOOKUP(A5,YPP!$R$2:$R$33,#REF!, " ")} -> #REF! | D5: =C5*-1 -> #REF! | F5: =_xlfn.XLOOKUP(G5,Teams!A:A,Teams!B:B, " ") -> Washington Commanders | G5: Washington | H5: =_xlfn.XLOOKUP(F5,YPP!$A:$A,YPP!$N:$N, " ")-_xlfn.XLOOKUP(F5,YPP!$T:$T,YPP!$X:$X, " ") -> #VALUE! | I5: =H5*-1 -> #VALUE! | K5: =_xlfn.XLOOKUP(L5,Teams!$A:$A,Teams!$B:$B, " ") -> Washington Commanders | L5: Washington | M5: =_xlfn.XLOOKUP(K5,YPP!$A:$A,YPP!$P:$P, " ")-_xlfn.XLOOKUP(K5,YPP!$T:$T,YPP!$Z:$Z, " ") -> #VALUE! | N5: =M5*-1 -> #VALUE! | P5: =_xlfn.XLOOKUP(Q5,Teams!$A:$A,Teams!$B:$B, " ") -> Washington Commanders | Q5: Washington | R5: =_xlfn.XLOOKUP(P5,YPP!$A:$A,YPP!$Q:$Q, " ")-_xlfn.XLOOKUP(P5,YPP!$T:$T,YPP!$AA:$AA, " ") -> #VALUE! | S5: =R5*-1 -> #VALUE!
A6: =_xlfn.XLOOKUP(B6,Teams!A:A,Teams!B:B, " ") -> Philadelphia Eagles | B6: Philadelphia | C6: {=_xlfn.XLOOKUP(A6,YPP!$A$2:$A$33,#REF!, " ") - _xlfn.XLOOKUP(A6,YPP!$R$2:$R$33,#REF!, " ")} -> #REF! | D6: =C6*-1 -> #REF! | F6: =_xlfn.XLOOKUP(G6,Teams!A:A,Teams!B:B, " ") -> Cincinnati Bengals | G6: Cincinnati | H6: =_xlfn.XLOOKUP(F6,YPP!$A:$A,YPP!$N:$N, " ")-_xlfn.XLOOKUP(F6,YPP!$T:$T,YPP!$X:$X, " ") -> #VALUE! | I6: =H6*-1 -> #VALUE! | K6: =_xlfn.XLOOKUP(L6,Teams!$A:$A,Teams!$B:$B, " ") -> Cincinnati Bengals | L6: Cincinnati | M6: =_xlfn.XLOOKUP(K6,YPP!$A:$A,YPP!$P:$P, " ")-_xlfn.XLOOKUP(K6,YPP!$T:$T,YPP!$Z:$Z, " ") -> #VALUE! | N6: =M6*-1 -> #VALUE! | P6: =_xlfn.XLOOKUP(Q6,Teams!$A:$A,Teams!$B:$B, " ") -> Cincinnati Bengals | Q6: Cincinnati | R6: =_xlfn.XLOOKUP(P6,YPP!$A:$A,YPP!$Q:$Q, " ")-_xlfn.XLOOKUP(P6,YPP!$T:$T,YPP!$AA:$AA, " ") -> #VALUE! | S6: =R6*-1 -> #VALUE!
A7: =_xlfn.XLOOKUP(B7,Teams!A:A,Teams!B:B, " ") -> Minnesota Vikings | B7: Minnesota | C7: {=_xlfn.XLOOKUP(A7,YPP!$A$2:$A$33,#REF!, " ") - _xlfn.XLOOKUP(A7,YPP!$R$2:$R$33,#REF!, " ")} -> #REF! | D7: =C7*-1 -> #REF! | F7: =_xlfn.XLOOKUP(G7,Teams!A:A,Teams!B:B, " ") -> Denver Broncos | G7: Denver | H7: =_xlfn.XLOOKUP(F7,YPP!$A:$A,YPP!$N:$N, " ")-_xlfn.XLOOKUP(F7,YPP!$T:$T,YPP!$X:$X, " ") -> #VALUE! | I7: =H7*-1 -> #VALUE! | K7: =_xlfn.XLOOKUP(L7,Teams!$A:$A,Teams!$B:$B, " ") -> Denver Broncos | L7: Denver | M7: =_xlfn.XLOOKUP(K7,YPP!$A:$A,YPP!$P:$P, " ")-_xlfn.XLOOKUP(K7,YPP!$T:$T,YPP!$Z:$Z, " ") -> #VALUE! | N7: =M7*-1 -> #VALUE! | P7: =_xlfn.XLOOKUP(Q7,Teams!$A:$A,Teams!$B:$B, " ") -> Denver Broncos | Q7: Denver | R7: =_xlfn.XLOOKUP(P7,YPP!$A:$A,YPP!$Q:$Q, " ")-_xlfn.XLOOKUP(P7,YPP!$T:$T,YPP!$AA:$AA, " ") -> #VALUE! | S7: =R7*-1 -> #VALUE!
A8: =_xlfn.XLOOKUP(B8,Teams!A:A,Teams!B:B, " ") -> Kansas City Chiefs | B8: Kansas City | C8: {=_xlfn.XLOOKUP(A8,YPP!$A$2:$A$33,#REF!, " ") - _xlfn.XLOOKUP(A8,YPP!$R$2:$R$33,#REF!, " ")} -> #REF! | D8: =C8*-1 -> #REF! | F8: =_xlfn.XLOOKUP(G8,Teams!A:A,Teams!B:B, " ") -> Tampa Bay Buccaneers | G8: Tampa Bay | H8: =_xlfn.XLOOKUP(F8,YPP!$A:$A,YPP!$N:$N, " ")-_xlfn.XLOOKUP(F8,YPP!$T:$T,YPP!$X:$X, " ") -> #VALUE! | I8: =H8*-1 -> #VALUE! | K8: =_xlfn.XLOOKUP(L8,Teams!$A:$A,Teams!$B:$B, " ") -> Tampa Bay Buccaneers | L8: Tampa Bay | M8: =_xlfn.XLOOKUP(K8,YPP!$A:$A,YPP!$P:$P, " ")-_xlfn.XLOOKUP(K8,YPP!$T:$T,YPP!$Z:$Z, " ") -> #VALUE! | N8: =M8*-1 -> #VALUE! | P8: =_xlfn.XLOOKUP(Q8,Teams!$A:$A,Teams!$B:$B, " ") -> Tampa Bay Buccaneers | Q8: Tampa Bay | R8: =_xlfn.XLOOKUP(P8,YPP!$A:$A,YPP!$Q:$Q, " ")-_xlfn.XLOOKUP(P8,YPP!$T:$T,YPP!$AA:$AA, " ") -> #VALUE! | S8: =R8*-1 -> #VALUE!
A9: =_xlfn.XLOOKUP(B9,Teams!A:A,Teams!B:B, " ") -> Green Bay Packers | B9: Green Bay | C9: {=_xlfn.XLOOKUP(A9,YPP!$A$2:$A$33,#REF!, " ") - _xlfn.XLOOKUP(A9,YPP!$R$2:$R$33,#REF!, " ")} -> #REF! | D9: =C9*-1 -> #REF! | F9: =_xlfn.XLOOKUP(G9,Teams!A:A,Teams!B:B, " ") -> Kansas City Chiefs | G9: Kansas City | H9: =_xlfn.XLOOKUP(F9,YPP!$A:$A,YPP!$N:$N, " ")-_xlfn.XLOOKUP(F9,YPP!$T:$T,YPP!$X:$X, " ") -> #VALUE! | I9: =H9*-1 -> #VALUE! | K9: =_xlfn.XLOOKUP(L9,Teams!$A:$A,Teams!$B:$B, " ") -> Kansas City Chiefs | L9: Kansas City | M9: =_xlfn.XLOOKUP(K9,YPP!$A:$A,YPP!$P:$P, " ")-_xlfn.XLOOKUP(K9,YPP!$T:$T,YPP!$Z:$Z, " ") -> #VALUE! | N9: =M9*-1 -> #VALUE! | P9: =_xlfn.XLOOKUP(Q9,Teams!$A:$A,Teams!$B:$B, " ") -> Kansas City Chiefs | Q9: Kansas City | R9: =_xlfn.XLOOKUP(P9,YPP!$A:$A,YPP!$Q:$Q, " ")-_xlfn.XLOOKUP(P9,YPP!$T:$T,YPP!$AA:$AA, " ") -> #VALUE! | S9: =R9*-1 -> #VALUE!
A10: =_xlfn.XLOOKUP(B10,Teams!A:A,Teams!B:B, " ") -> Tampa Bay Buccaneers | B10: Tampa Bay | C10: {=_xlfn.XLOOKUP(A10,YPP!$A$2:$A$33,#REF!, " ") - _xlfn.XLOOKUP(A10,YPP!$R$2:$R$33,#REF!, " ")} -> #REF! | D10: =C10*-1 -> #REF! | F10: =_xlfn.XLOOKUP(G10,Teams!A:A,Teams!B:B, " ") -> Los Angeles Chargers | G10: LA Chargers | H10: =_xlfn.XLOOKUP(F10,YPP!$A:$A,YPP!$N:$N, " ")-_xlfn.XLOOKUP(F10,YPP!$T:$T,YPP!$X:$X, " ") -> #VALUE! | I10: =H10*-1 -> #VALUE! | K10: =_xlfn.XLOOKUP(L10,Teams!$A:$A,Teams!$B:$B, " ") -> Los Angeles Chargers | L10: LA Chargers | M10: =_xlfn.XLOOKUP(K10,YPP!$A:$A,YPP!$P:$P, " ")-_xlfn.XLOOKUP(K10,YPP!$T:$T,YPP!$Z:$Z, " ") -> #VALUE! | N10: =M10*-1 -> #VALUE! | P10: =_xlfn.XLOOKUP(Q10,Teams!$A:$A,Teams!$B:$B, " ") -> Los Angeles Chargers | Q10: LA Chargers | R10: =_xlfn.XLOOKUP(P10,YPP!$A:$A,YPP!$Q:$Q, " ")-_xlfn.XLOOKUP(P10,YPP!$T:$T,YPP!$AA:$AA, " ") -> #VALUE! | S10: =R10*-1 -> #VALUE!
A11: =_xlfn.XLOOKUP(B11,Teams!A:A,Teams!B:B, " ") -> Pittsburgh Steelers | B11: Pittsburgh | C11: {=_xlfn.XLOOKUP(A11,YPP!$A$2:$A$33,#REF!, " ") - _xlfn.XLOOKUP(A11,YPP!$R$2:$R$33,#REF!, " ")} -> #REF! | D11: =C11*-1 -> #REF! | F11: =_xlfn.XLOOKUP(G11,Teams!A:A,Teams!B:B, " ") -> Minnesota Vikings | G11: Minnesota | H11: =_xlfn.XLOOKUP(F11,YPP!$A:$A,YPP!$N:$N, " ")-_xlfn.XLOOKUP(F11,YPP!$T:$T,YPP!$X:$X, " ") -> #VALUE! | I11: =H11*-1 -> #VALUE! | K11: =_xlfn.XLOOKUP(L11,Teams!$A:$A,Teams!$B:$B, " ") -> Minnesota Vikings | L11: Minnesota | M11: =_xlfn.XLOOKUP(K11,YPP!$A:$A,YPP!$P:$P, " ")-_xlfn.XLOOKUP(K11,YPP!$T:$T,YPP!$Z:$Z, " ") -> #VALUE! | N11: =M11*-1 -> #VALUE! | P11: =_xlfn.XLOOKUP(Q11,Teams!$A:$A,Teams!$B:$B, " ") -> Minnesota Vikings | Q11: Minnesota | R11: =_xlfn.XLOOKUP(P11,YPP!$A:$A,YPP!$Q:$Q, " ")-_xlfn.XLOOKUP(P11,YPP!$T:$T,YPP!$AA:$AA, " ") -> #VALUE! | S11: =R11*-1 -> #VALUE!
A12: =_xlfn.XLOOKUP(B12,Teams!A:A,Teams!B:B, " ") -> Baltimore Ravens | B12: Baltimore | C12: {=_xlfn.XLOOKUP(A12,YPP!$A$2:$A$33,#REF!, " ") - _xlfn.XLOOKUP(A12,YPP!$R$2:$R$33,#REF!, " ")} -> #REF! | D12: =C12*-1 -> #REF! | F12: =_xlfn.XLOOKUP(G12,Teams!A:A,Teams!B:B, " ") -> Green Bay Packers | G12: Green Bay | H12: =_xlfn.XLOOKUP(F12,YPP!$A:$A,YPP!$N:$N, " ")-_xlfn.XLOOKUP(F12,YPP!$T:$T,YPP!$X:$X, " ") -> #VALUE! | I12: =H12*-1 -> #VALUE! | K12: =_xlfn.XLOOKUP(L12,Teams!$A:$A,Teams!$B:$B, " ") -> Green Bay Packers | L12: Green Bay | M12: =_xlfn.XLOOKUP(K12,YPP!$A:$A,YPP!$P:$P, " ")-_xlfn.XLOOKUP(K12,YPP!$T:$T,YPP!$Z:$Z, " ") -> #VALUE! | N12: =M12*-1 -> #VALUE! | P12: =_xlfn.XLOOKUP(Q12,Teams!$A:$A,Teams!$B:$B, " ") -> Green Bay Packers | Q12: Green Bay | R12: =_xlfn.XLOOKUP(P12,YPP!$A:$A,YPP!$Q:$Q, " ")-_xlfn.XLOOKUP(P12,YPP!$T:$T,YPP!$AA:$AA, " ") -> #VALUE! | S12: =R12*-1 -> #VALUE!
A13: =_xlfn.XLOOKUP(B13,Teams!A:A,Teams!B:B, " ") -> Chicago Bears | B13: Chicago | C13: {=_xlfn.XLOOKUP(A13,YPP!$A$2:$A$33,#REF!, " ") - _xlfn.XLOOKUP(A13,YPP!$R$2:$R$33,#REF!, " ")} -> #REF! | D13: =C13*-1 -> #REF! | F13: =_xlfn.XLOOKUP(G13,Teams!A:A,Teams!B:B, " ") -> Baltimore Ravens | G13: Baltimore | H13: =_xlfn.XLOOKUP(F13,YPP!$A:$A,YPP!$N:$N, " ")-_xlfn.XLOOKUP(F13,YPP!$T:$T,YPP!$X:$X, " ") -> #VALUE! | I13: =H13*-1 -> #VALUE! | K13: =_xlfn.XLOOKUP(L13,Teams!$A:$A,Teams!$B:$B, " ") -> Baltimore Ravens | L13: Baltimore | M13: =_xlfn.XLOOKUP(K13,YPP!$A:$A,YPP!$P:$P, " ")-_xlfn.XLOOKUP(K13,YPP!$T:$T,YPP!$Z:$Z, " ") -> #VALUE! | N13: =M13*-1 -> #VALUE! | P13: =_xlfn.XLOOKUP(Q13,Teams!$A:$A,Teams!$B:$B, " ") -> Baltimore Ravens | Q13: Baltimore | R13: =_xlfn.XLOOKUP(P13,YPP!$A:$A,YPP!$Q:$Q, " ")-_xlfn.XLOOKUP(P13,YPP!$T:$T,YPP!$AA:$AA, " ") -> #VALUE! | S13: =R13*-1 -> #VALUE!
A14: =_xlfn.XLOOKUP(B14,Teams!A:A,Teams!B:B, " ") -> Washington Commanders | B14: Washington | C14: {=_xlfn.XLOOKUP(A14,YPP!$A$2:$A$33,#REF!, " ") - _xlfn.XLOOKUP(A14,YPP!$R$2:$R$33,#REF!, " ")} -> #REF! | D14: =C14*-1 -> #REF! | F14: =_xlfn.XLOOKUP(G14,Teams!A:A,Teams!B:B, " ") -> Pittsburgh Steelers | G14: Pittsburgh | H14: =_xlfn.XLOOKUP(F14,YPP!$A:$A,YPP!$N:$N, " ")-_xlfn.XLOOKUP(F14,YPP!$T:$T,YPP!$X:$X, " ") -> #VALUE! | I14: =H14*-1 -> #VALUE! | K14: =_xlfn.XLOOKUP(L14,Teams!$A:$A,Teams!$B:$B, " ") -> Pittsburgh Steelers | L14: Pittsburgh | M14: =_xlfn.XLOOKUP(K14,YPP!$A:$A,YPP!$P:$P, " ")-_xlfn.XLOOKUP(K14,YPP!$T:$T,YPP!$Z:$Z, " ") -> #VALUE! | N14: =M14*-1 -> #VALUE! | P14: =_xlfn.XLOOKUP(Q14,Teams!$A:$A,Teams!$B:$B, " ") -> Pittsburgh Steelers | Q14: Pittsburgh | R14: =_xlfn.XLOOKUP(P14,YPP!$A:$A,YPP!$Q:$Q, " ")-_xlfn.XLOOKUP(P14,YPP!$T:$T,YPP!$AA:$AA, " ") -> #VALUE! | S14: =R14*-1 -> #VALUE!
... A33: =_xlfn.XLOOKUP(B33,Teams!A:A,Teams!B:B, " ") -> Cleveland Browns | B33: Cleveland | C33: {=_xlfn.XLOOKUP(A33,YPP!$A$2:$A$33,#REF!, " ") - _xlfn.XLOOKUP(A33,YPP!$R$2:$R$33,#REF!, " ")} -> #REF! | D33: =C33*-1 -> #REF! | F33: =_xlfn.XLOOKUP(G33,Teams!A:A,Teams!B:B, " ") -> Cleveland Browns | G33: Cleveland | H33: =_xlfn.XLOOKUP(F33,YPP!$A:$A,YPP!$N:$N, " ")-_xlfn.XLOOKUP(F33,YPP!$T:$T,YPP!$X:$X, " ") -> #VALUE! | I33: =H33*-1 -> #VALUE! | K33: =_xlfn.XLOOKUP(L33,Teams!$A:$A,Teams!$B:$B, " ") -> Cleveland Browns | L33: Cleveland | M33: =_xlfn.XLOOKUP(K33,YPP!$A:$A,YPP!$P:$P, " ")-_xlfn.XLOOKUP(K33,YPP!$T:$T,YPP!$Z:$Z, " ") -> #VALUE! | N33: =M33*-1 -> #VALUE! | P33: =_xlfn.XLOOKUP(Q33,Teams!$A:$A,Teams!$B:$B, " ") -> Cleveland Browns | Q33: Cleveland | R33: =_xlfn.XLOOKUP(P33,YPP!$A:$A,YPP!$Q:$Q, " ")-_xlfn.XLOOKUP(P33,YPP!$T:$T,YPP!$AA:$AA, " ") -> #VALUE! | S33: =R33*-1 -> #VALUE!

Sheet Self PR
A1: Rank | B1: Team | C1: PR | R1: Range
A2: 1 | B2: #VALUE! | C2: 0.85 | D2: =$R$2*C2 -> 17.85 | R2: 21
A3: 2 | B3: #VALUE! | C3: 0.83 | D3: =$R$2*C3 -> 17.43
A4: 3 | B4: #VALUE! | C4: 0.82 | D4: =$R$2*C4 -> 17.22
A5: 4 | B5: #VALUE! | C5: 0.79 | D5: =$R$2*C5 -> 16.59
A6: 5 | B6: #VALUE! | C6: 0.74 | D6: =$R$2*C6 -> 15.54
A7: 6 | B7: #VALUE! | C7: 0.73 | D7: =$R$2*C7 -> 15.33
A8: 7 | B8: #VALUE! | C8: 0.72 | D8: =$R$2*C8 -> 15.12
A9: 8 | B9: #VALUE! | C9: 0.69 | D9: =$R$2*C9 -> 14.49
A10: 9 | B10: #VALUE! | C10: 0.68 | D10: =$R$2*C10 -> 14.28
A11: 10 | B11: #VALUE! | C11: 0.66 | D11: =$R$2*C11 -> 13.86
A12: 11 | B12: #VALUE! | C12: 0.65 | D12: =$R$2*C12 -> 13.65
A13: 12 | B13: #VALUE! | C13: 0.62 | D13: =$R$2*C13 -> 13.02
A14: 13 | B14: #VALUE! | C14: 0.6 | D14: =$R$2*C14 -> 12.6
... A33: 32 | B33: #VALUE! | C33: 0.1 | D33: =$R$2*C33 -> 2.1

Sheet YPP
B1: Team | C1: 2025 | D1: Last 3 | E1: Last 1 | F1: Home | G1: Away | H1: 2024 | K1: Team | L1: 2025 | M1: Last 3 | N1: Last 1 | O1: Home | P1: Away | Q1: 2024
A2: =_xlfn.XLOOKUP(B2,Teams!$A$2:$A$33,Teams!$B$2:$B$33, " ") -> Pittsburgh Steelers | B2: Pittsburgh | C2: 11.7 | D2: 11.1 | E2: 10.1 | F2: 11.6 | G2: 11.7 | H2: 14.5 | J2: =_xlfn.XLOOKUP(K2,Teams!$A$2:$A$33,Teams!$B$2:$B$33, " ") -> Los Angeles Rams | K2: LA Rams | L2: 18.8 | M2: 18.7 | N2: 21.8 | O2: 19.6 | P2: 18.0 | Q2: 15.7
A3: =_xlfn.XLOOKUP(B3,Teams!$A$2:$A$33,Teams!$B$2:$B$33, " ") -> Indianapolis Colts | B3: Indianapolis | C3: 12.4 | D3: 14.7 | E3: 16.7 | F3: 11.6 | G3: 13.2 | H3: 15.1 | J3: =_xlfn.XLOOKUP(K3,Teams!$A$2:$A$33,Teams!$B$2:$B$33, " ") -> Kansas City Chiefs | K3: Kansas City | L3: 16.4 | M3: 17.6 | N3: 15.5 | O3: 19.2 | P3: 14.9 | Q3: 15.9
A4: =_xlfn.XLOOKUP(B4,Teams!$A$2:$A$33,Teams!$B$2:$B$33, " ") -> Seattle Seahawks | B4: Seattle | C4: 12.4 | D4: 11.9 | E4: 21.8 | F4: 10.4 | G4: 14.9 | H4: 15.1 | J4: =_xlfn.XLOOKUP(K4,Teams!$A$2:$A$33,Teams!$B$2:$B$33, " ") -> Philadelphia Eagles | K4: Philadelphia | L4: 16.3 | M4: 22.9 | N4: 35.2 | O4: 16.5 | P4: 16.0 | Q4: 16
A5: =_xlfn.XLOOKUP(B5,Teams!$A$2:$A$33,Teams!$B$2:$B$33, " ") -> Detroit Lions | B5: Detroit | C5: 12.6 | D5: 15.2 | E5: 35.2 | F5: 11.0 | G5: 13.9 | H5: 12.6 | J5: =_xlfn.XLOOKUP(K5,Teams!$A$2:$A$33,Teams!$B$2:$B$33, " ") -> New England Patriots | K5: New England | L5: 16.1 | M5: 15.1 | N5: 17.5 | O5: 16.0 | P5: 16.1 | Q5: 14
A6: =_xlfn.XLOOKUP(B6,Teams!$A$2:$A$33,Teams!$B$2:$B$33, " ") -> Baltimore Ravens | B6: Baltimore | C6: 12.8 | D6: 12.9 | E6: 15.3 | F6: 12.4 | G6: 13.1 | H6: 14.2 | J6: =_xlfn.XLOOKUP(K6,Teams!$A$2:$A$33,Teams!$B$2:$B$33, " ") -> Indianapolis Colts | K6: Indianapolis | L6: 15.9 | M6: 13.0 | N6: 11.6 | O6: 18.9 | P6: 13.9 | Q6: 14.4
A7: =_xlfn.XLOOKUP(B7,Teams!$A$2:$A$33,Teams!$B$2:$B$33, " ") -> Dallas Cowboys | B7: Dallas | C7: 12.8 | D7: 14.2 | E7: 11.5 | F7: 11.7 | G7: 13.7 | H7: 15.9 | J7: =_xlfn.XLOOKUP(K7,Teams!$A$2:$A$33,Teams!$B$2:$B$33, " ") -> Pittsburgh Steelers | K7: Pittsburgh | L7: 15.9 | M7: 17.2 | N7: 24.8 | O7: 16.5 | P7: 15.4 | Q7: 16
A8: =_xlfn.XLOOKUP(B8,Teams!$A$2:$A$33,Teams!$B$2:$B$33, " ") -> Philadelphia Eagles | B8: Philadelphia | C8: 12.8 | D8: 15.5 | E8: 17.0 | F8: 12.4 | G8: 13.3 | H8: 12.6 | J8: =_xlfn.XLOOKUP(K8,Teams!$A$2:$A$33,Teams!$B$2:$B$33, " ") -> Houston Texans | K8: Houston | L8: 15.8 | M8: 11.9 | N8: 17.6 | O8: 15.1 | P8: 16.5 | Q8: 14.3
A9: =_xlfn.XLOOKUP(B9,Teams!$A$2:$A$33,Teams!$B$2:$B$33, " ") -> Tampa Bay Buccaneers | B9: Tampa Bay | C9: 13.2 | D9: 12.2 | E9: 11.5 | F9: 13.5 | G9: 12.9 | H9: 13.6 | J9: =_xlfn.XLOOKUP(K9,Teams!$A$2:$A$33,Teams!$B$2:$B$33, " ") -> Denver Broncos | K9: Denver | L9: 15.7 | M9: 18.7 | N9: 16.4 | O9: 15.6 | P9: 15.8 | Q9: 17.1
A10: =_xlfn.XLOOKUP(B10,Teams!$A$2:$A$33,Teams!$B$2:$B$33, " ") -> Buffalo Bills | B10: Buffalo | C10: 13.3 | D10: 14.0 | E10: 9.4 | F10: 12.3 | G10: 15.3 | H10: 11.8 | J10: =_xlfn.XLOOKUP(K10,Teams!$A$2:$A$33,Teams!$B$2:$B$33, " ") -> Seattle Seahawks | K10: Seattle | L10: 15.6 | M10: 15.3 | N10: 11.9 | O10: 15.4 | P10: 15.9 | Q10: 15.4
A11: =_xlfn.XLOOKUP(B11,Teams!$A$2:$A$33,Teams!$B$2:$B$33, " ") -> Los Angeles Rams | B11: LA Rams | C11: 13.3 | D11: 11.2 | E11: 11.9 | F11: 16.0 | G11: 11.2 | H11: 15.2 | J11: =_xlfn.XLOOKUP(K11,Teams!$A$2:$A$33,Teams!$B$2:$B$33, " ") -> San Francisco 49ers | K11: San Francisco | L11: 15.4 | M11: 13.5 | N11: 22.2 | O11: 13.7 | P11: 16.4 | Q11: 12.4
A12: =_xlfn.XLOOKUP(B12,Teams!$A$2:$A$33,Teams!$B$2:$B$33, " ") -> New England Patriots | B12: New England | C12: 13.4 | D12: 13.9 | E12: 12.4 | F12: 13.8 | G12: 13.0 | H12: 17.2 | J12: =_xlfn.XLOOKUP(K12,Teams!$A$2:$A$33,Teams!$B$2:$B$33, " ") -> Green Bay Packers | K12: Green Bay | L12: 14.9 | M12: 19.5 | N12: 16.8 | O12: 17.4 | P12: 13.4 | Q12: 15.7
A13: =_xlfn.XLOOKUP(B13,Teams!$A$2:$A$33,Teams!$B$2:$B$33, " ") -> New York Jets | B13: NY Jets | C13: 13.5 | D13: 11.5 | E13: 17.5 | F13: 13.6 | G13: 13.4 | H13: 15.6 | J13: =_xlfn.XLOOKUP(K13,Teams!$A$2:$A$33,Teams!$B$2:$B$33, " ") -> Carolina Panthers | K13: Carolina | L13: 14.4 | M13: 19.4 | N13: 12.9 | O13: 15.5 | P13: 13.6 | Q13: 12.9
... A15: =_xlfn.XLOOKUP(B15,Teams!$A$2:$A$33,Teams!$B$2:$B$33, " ") -> Minnesota Vikings | B15: Minnesota | C15: 13.6 | D15: 14.1 | E15: 15.6 | F15: 14.0 | G15: 13.2 | H15: 14 | J15: =_xlfn.XLOOKUP(K15,Teams!$A$2:$A$33,Teams!$B$2:$B$33, " ") -> Jacksonville Jaguars | K15: Jacksonville | L15: 14.3 | M15: 12.4 | N15: 22.5 | O15: 20.0 | P15: 11.5 | Q15: 15.2
A16: =_xlfn.XLOOKUP(B16,Teams!$A$2:$A$33,Teams!$B$2:$B$33, " ") -> Jacksonville Jaguars | B16: Jacksonville | C16: 13.6 | D16: 9.8 | E16: 9.9 | F16: 13.3 | G16: 14.0 | H16: 16.3 | J16: =_xlfn.XLOOKUP(K16,Teams!$A$2:$A$33,Teams!$B$2:$B$33, " ") -> Miami Dolphins | K16: Miami | L16: 14.3 | M16: 20.2 | N16: 29.2 | O16: 15.0 | P16: 13.8 | Q16: 14.7 | AB16: pit | AC16: =10.5-12.5 -> -2
A17: =_xlfn.XLOOKUP(B17,Teams!$A$2:$A$33,Teams!$B$2:$B$33, " ") -> Green Bay Packers | B17: Green Bay | C17: 14.3 | D17: 19.7 | E17: 11.0 | F17: 16.9 | G17: 12.5 | H17: 14.1 | J17: =_xlfn.XLOOKUP(K17,Teams!$A$2:$A$33,Teams!$B$2:$B$33, " ") -> Baltimore Ravens | K17: Baltimore | L17: 14.1 | M17: 21.6 | N17: 11.7 | O17: 13.5 | P17: 14.8 | Q17: 15.1 | AB17: new | AC17: =14.5-15.9 -> -1.4
A18: =_xlfn.XLOOKUP(B18,Teams!$A$2:$A$33,Teams!$B$2:$B$33, " ") -> Kansas City Chiefs | B18: Kansas City | C18: 14.3 | D18: 15.4 | E18: 16.4 | F18: 13.3 | G18: 15.7 | H18: 13.9 | J18: =_xlfn.XLOOKUP(K18,Teams!$A$2:$A$33,Teams!$B$2:$B$33, " ") -> Buffalo Bills | K18: Buffalo | L18: 14.1 | M18: 12.6 | N18: 11.5 | O18: 12.9 | P18: 16.6 | Q18: 15.8
A19: =_xlfn.XLOOKUP(B19,Teams!$A$2:$A$33,Teams!$B$2:$B$33, " ") -> Denver Broncos | B19: Denver | C19: 14.4 | D19: 16.7 | E19: 15.5 | F19: 14.2 | G19: 14.6 | H19: 13.3 | J19: =_xlfn.XLOOKUP(K19,Teams!$A$2:$A$33,Teams!$B$2:$B$33, " ") -> Chicago Bears | K19: Chicago | L19: 13.8 | M19: 15.1 | N19: 15.6 | O19: 17.8 | P19: 12.2 | Q19: 16.3
A20: =_xlfn.XLOOKUP(B20,Teams!$A$2:$A$33,Teams!$B$2:$B$33, " ") -> Chicago Bears | B20: Chicago | C20: 14.5 | D20: 14.3 | E20: 16.8 | F20: 14.1 | G20: 14.8 | H20: 15.5 | J20: =_xlfn.XLOOKUP(K20,Teams!$A$2:$A$33,Teams!$B$2:$B$33, " ") -> New York Giants | K20: NY Giants | L20: 13.8 | M20: 12.6 | N20: 11.0 | O20: 14.1 | P20: 13.6 | Q20: 14.2
A21: =_xlfn.XLOOKUP(B21,Teams!$A$2:$A$33,Teams!$B$2:$B$33, " ") -> Miami Dolphins | B21: Miami | C21: 14.6 | D21: 19.5 | E21: 19.4 | F21: 14.5 | G21: 14.7 | H21: 16 | J21: =_xlfn.XLOOKUP(K21,Teams!$A$2:$A$33,Teams!$B$2:$B$33, " ") -> Minnesota Vikings | K21: Minnesota | L21: 13.7 | M21: 13.5 | N21: 16.8 | O21: 14.1 | P21: 13.3 | Q21: 16.7
A22: =_xlfn.XLOOKUP(B22,Teams!$A$2:$A$33,Teams!$B$2:$B$33, " ") -> San Francisco 49ers | B22: San Francisco | C22: 14.7 | D22: 10.4 | E22: 6.9 | F22: 17.6 | G22: 13.4 | H22: 16.4 | J22: =_xlfn.XLOOKUP(K22,Teams!$A$2:$A$33,Teams!$B$2:$B$33, " ") -> Tampa Bay Buccaneers | K22: Tampa Bay | L22: 13.7 | M22: 15.0 | N22: 9.4 | O22: 12.0 | P22: 14.9 | Q22: 15.1
A23: =_xlfn.XLOOKUP(B23,Teams!$A$2:$A$33,Teams!$B$2:$B$33, " ") -> Arizona Cardinals | B23: Arizona | C23: 14.9 | D23: 16.4 | E23: 22.2 | F23: 15.3 | G23: 14.5 | H23: 15.2 | J23: =_xlfn.XLOOKUP(K23,Teams!$A$2:$A$33,Teams!$B$2:$B$33, " ") -> Atlanta Falcons | K23: Atlanta | L23: 13.7 | M23: 15.7 | N23: 16.2 | O23: 13.0 | P23: 14.4 | Q23: 13.9
A24: =_xlfn.XLOOKUP(B24,Teams!$A$2:$A$33,Teams!$B$2:$B$33, " ") -> Houston Texans | B24: Houston | C24: 15.0 | D24: 14.9 | E24: 19.7 | F24: 14.5 | G24: 15.5 | H24: 14.8 | J24: =_xlfn.XLOOKUP(K24,Teams!$A$2:$A$33,Teams!$B$2:$B$33, " ") -> Detroit Lions | K24: Detroit | L24: 13.5 | M24: 12.6 | N24: 17.0 | O24: 16.4 | P24: 12.2 | Q24: 16.3
A25: =_xlfn.XLOOKUP(B25,Teams!$A$2:$A$33,Teams!$B$2:$B$33, " ") -> Washington Commanders | B25: Washington | C25: 15.4 | D25: 19.5 | E25: 29.2 | F25: 14.3 | G25: 16.6 | H25: 13 | J25: =_xlfn.XLOOKUP(K25,Teams!$A$2:$A$33,Teams!$B$2:$B$33, " ") -> Los Angeles Chargers | K25: LA Chargers | L25: 13.2 | M25: 11.9 | N25: 9.9 | O25: 13.7 | P25: 12.8 | Q25: 17.8
A26: =_xlfn.XLOOKUP(B26,Teams!$A$2:$A$33,Teams!$B$2:$B$33, " ") -> New York Giants | B26: NY Giants | C26: 15.5 | D26: 16.6 | E26: 16.8 | F26: 14.2 | G26: 16.6 | H26: 18.4 | J26: =_xlfn.XLOOKUP(K26,Teams!$A$2:$A$33,Teams!$B$2:$B$33, " ") -> Arizona Cardinals | K26: Arizona | L26: 13.0 | M26: 9.7 | N26: 6.9 | O26: 11.9 | P26: 14.3 | Q26: 15.4
A27: =_xlfn.XLOOKUP(B27,Teams!$A$2:$A$33,Teams!$B$2:$B$33, " ") -> Los Angeles Chargers | B27: LA Chargers | C27: 15.5 | D27: 13.7 | E27: 22.5 | F27: 15.9 | G27: 15.2 | H27: 13.9 | J27: =_xlfn.XLOOKUP(K27,Teams!$A$2:$A$33,Teams!$B$2:$B$33, " ") -> Dallas Cowboys | K27: Dallas | L27: 13.0 | M27: 11.5 | N27: 14.8 | O27: 13.3 | P27: 12.8 | Q27: 12.9
A28: =_xlfn.XLOOKUP(B28,Teams!$A$2:$A$33,Teams!$B$2:$B$33, " ") -> Cleveland Browns | B28: Cleveland | C28: 15.9 | D28: 13.8 | E28: 11.7 | F28: 12.4 | G28: 19.0 | H28: 19.8 | J28: =_xlfn.XLOOKUP(K28,Teams!$A$2:$A$33,Teams!$B$2:$B$33, " ") -> Las Vegas Raiders | K28: Las Vegas | L28: 12.9 | M28: 13.3 | N28: 11.5 | O28: 13.2 | P28: 12.6 | Q28: 13
A29: =_xlfn.XLOOKUP(B29,Teams!$A$2:$A$33,Teams!$B$2:$B$33, " ") -> Carolina Panthers | B29: Carolina | C29: 16.7 | D29: 17.5 | E29: 16.2 | F29: 14.3 | G29: 19.1 | H29: 14.9 | J29: =_xlfn.XLOOKUP(K29,Teams!$A$2:$A$33,Teams!$B$2:$B$33, " ") -> Tennessee Titans | K29: Tennessee | L29: 12.9 | M29: 13.3 | N29: 19.7 | O29: 12.5 | P29: 13.4 | Q29: 11.5
... A33: =_xlfn.XLOOKUP(B33,Teams!$A$2:$A$33,Teams!$B$2:$B$33, " ") -> New Orleans Saints | B33: New Orleans | C33: 19.2 | D33: 29.6 | E33: 22.8 | F33: 18.6 | G33: 19.8 | H33: 16.1 | J33: =_xlfn.XLOOKUP(K33,Teams!$A$2:$A$33,Teams!$B$2:$B$33, " ") -> Cleveland Browns | K33: Cleveland | L33: 11.7 | M33: 11.5 | N33: 15.3 | O33: 16.8 | P33: 10.1 | Q33: 13.4

Sheet Offense Data 2025
A1: Team Offense Table
A2: Rk | B2: Tm | C2: G | D2: PF | E2: Yds | F2: Ply | G2: Y/P | H2: TO | I2: FL | J2: 1stD | K2: Cmp | L2: Att | M2: Yds_1 | N2: TD | O2: Int | P2: NY/A | Q2: 1stD_2 | R2: Att_3 | S2: Yds_4 | T2: TD_5 | U2: Y/A | V2: 1stD_6 | W2: Pen | X2: Yds_7 | Y2: 1stPy | Z2: Sc% | AA2: TO% | AB2: EXP
A3: 1 | B3: Indianapolis Colts | C3: 10 | D3: 321 | E3: 3969 | F3: 619 | G3: 6.4 | H3: 12 | I3: 5 | J3: 237 | K3: 224 | L3: 324 | M3: 2516 | N3: 15 | O3: 7 | P3: 7.3 | Q3: 131 | R3: 274 | S3: 1453 | T3: 22 | U3: 5.3 | V3: 87 | W3: 62 | X3: 524 | Y3: 19 | Z3: 56.7 | AA3: 11.3 | AB3: 152.94
A4: 2 | B4: Dallas Cowboys | C4: 10 | D4: 296 | E4: 3787 | F4: 645 | G4: 5.9 | H4: 12 | I4: 5 | J4: 231 | K4: 259 | L4: 371 | M4: 2587 | N4: 22 | O4: 7 | P4: 6.7 | Q4: 135 | R4: 258 | S4: 1200 | T4: 10 | U4: 4.7 | V4: 69 | W4: 79 | X4: 660 | Y4: 27 | Z4: 47.4 | AA4: 11.6 | AB4: 116.14
A5: 3 | B5: Seattle Seahawks | C5: 10 | D5: 294 | E5: 3658 | F5: 593 | G5: 6.2 | H5: 20 | I5: 9 | J5: 205 | K5: 193 | L5: 276 | M5: 2494 | N5: 17 | O5: 11 | P5: 8.7 | Q5: 112 | R5: 307 | S5: 1164 | T5: 12 | U5: 3.8 | V5: 69 | W5: 60 | X5: 500 | Y5: 24 | Z5: 44.5 | AA5: 17.3 | AB5: 57.66
A6: 4 | B6: Buffalo Bills | C6: 10 | D6: 292 | E6: 3874 | F6: 620 | G6: 6.2 | H6: 12 | I6: 5 | J6: 224 | K6: 207 | L6: 299 | M6: 2398 | N6: 18 | O6: 7 | P6: 7.5 | Q6: 121 | R6: 301 | S6: 1476 | T6: 19 | U6: 4.9 | V6: 79 | W6: 68 | X6: 563 | Y6: 24 | Z6: 47.2 | AA6: 10.4 | AB6: 120.5
A7: 5 | B7: New England Patriots | C7: 11 | D7: 292 | E7: 3927 | F7: 674 | G7: 5.8 | H7: 12 | I7: 7 | J7: 225 | K7: 231 | L7: 322 | M7: 2685 | N7: 20 | O7: 5 | P7: 7.5 | Q7: 133 | R7: 316 | S7: 1242 | T7: 12 | U7: 3.9 | V7: 74 | W7: 74 | X7: 585 | Y7: 18 | Z7: 42 | AA7: 10.7 | AB7: 96.52
A8: 6 | B8: Detroit Lions | C8: 10 | D8: 292 | E8: 3669 | F8: 614 | G8: 6 | H8: 7 | I8: 3 | J8: 197 | K8: 217 | L8: 313 | M8: 2368 | N8: 22 | O8: 4 | P8: 7.1 | Q8: 124 | R8: 281 | S8: 1301 | T8: 13 | U8: 4.6 | V8: 65 | W8: 60 | X8: 440 | Y8: 8 | Z8: 43.2 | AA8: 6.3 | AB8: 94.97
A9: 7 | B9: Los Angeles Rams | C9: 10 | D9: 272 | E9: 3609 | F9: 623 | G9: 5.8 | H9: 8 | I9: 6 | J9: 227 | K9: 223 | L9: 339 | M9: 2469 | N9: 27 | O9: 2 | P9: 7 | Q9: 132 | R9: 270 | S9: 1140 | T9: 8 | U9: 4.2 | V9: 69 | W9: 47 | X9: 389 | Y9: 26 | Z9: 42.5 | AA9: 7.5 | AB9: 115.03
A10: 8 | B10: San Francisco 49ers | C10: 11 | D10: 261 | E10: 3843 | F10: 702 | G10: 5.5 | H10: 15 | I10: 5 | J10: 240 | K10: 268 | L10: 388 | M10: 2800 | N10: 20 | O10: 10 | P10: 6.9 | Q10: 152 | R10: 295 | S10: 1043 | T10: 8 | U10: 3.5 | V10: 71 | W10: 62 | X10: 482 | Y10: 17 | Z10: 45.1 | AA10: 13.3 | AB10: 59.47
A11: 9 | B11: Chicago Bears | C11: 10 | D11: 258 | E11: 3738 | F11: 649 | G11: 5.8 | H11: 6 | I11: 2 | J11: 207 | K11: 198 | L11: 331 | M11: 2272 | N11: 14 | O11: 4 | P11: 6.5 | Q11: 109 | R11: 302 | S11: 1466 | T11: 12 | U11: 4.9 | V11: 84 | W11: 80 | X11: 641 | Y11: 14 | Z11: 45 | AA11: 5.4 | AB11: 56.93
A12: 10 | B12: Denver Broncos | C12: 11 | D12: 257 | E12: 3688 | F12: 692 | G12: 5.3 | H12: 12 | I12: 4 | J12: 207 | K12: 237 | L12: 388 | M12: 2343 | N12: 18 | O12: 8 | P12: 5.8 | Q12: 118 | R12: 291 | S12: 1345 | T12: 11 | U12: 4.6 | V12: 69 | W12: 93 | X12: 883 | Y12: 20 | Z12: 35.9 | AA12: 7.8 | AB12: 42.74
A13: 11 | B13: Kansas City Chiefs | C13: 10 | D13: 254 | E13: 3642 | F13: 640 | G13: 5.7 | H13: 6 | I13: 0 | J13: 224 | K13: 233 | L13: 361 | M13: 2489 | N13: 18 | O13: 6 | P13: 6.5 | Q13: 130 | R13: 259 | S13: 1153 | T13: 12 | U13: 4.5 | V13: 78 | W13: 69 | X13: 577 | Y13: 16 | Z13: 48.9 | AA13: 6.4 | AB13: 118.29
A14: 12 | B14: Tampa Bay Buccaneers | C14: 10 | D14: 252 | E14: 3322 | F14: 624 | G14: 5.3 | H14: 7 | I14: 4 | J14: 196 | K14: 216 | L14: 340 | M14: 2222 | N14: 17 | O14: 3 | P14: 6.2 | Q14: 106 | R14: 264 | S14: 1100 | T14: 9 | U14: 4.2 | V14: 67 | W14: 58 | X14: 467 | Y14: 23 | Z14: 41.8 | AA14: 6.4 | AB14: 41.14
... A34: 32 | B34: Tennessee Titans | C34: 10 | D34: 143 | E34: 2425 | F34: 573 | G34: 4.2 | H34: 14 | I34: 8 | J34: 151 | K34: 194 | L34: 332 | M34: 1636 | N34: 6 | O34: 6 | P34: 4.4 | Q34: 98 | R34: 200 | S34: 789 | T34: 3 | U34: 3.9 | V34: 40 | W34: 70 | X34: 536 | Y34: 13 | Z34: 27.1 | AA34: 13.1 | AB34: -89.05
B35: Avg Team | D35: 237.9 | E35: 3370.9 | F35: 627.7 | G35: 5.4 | H35: 11.8 | I35: 4.8 | J35: 200.7 | K35: 216.1 | L35: 332.7 | M35: 2187.7 | N35: 15.8 | O35: 7 | P35: 6.1 | Q35: 112.2 | R35: 271 | S35: 1183.2 | T35: 9.6 | U35: 4.4 | V35: 68.6 | W35: 69 | X35: 554.1 | Y35: 19.8 | Z35: 39.6 | AA35: 10.3 | AB35: 39.4
B36: League Total | D36: 7614 | E36: 107869 | F36: 20086 | G36: 5.4 | H36: 376 | I36: 153 | J36: 6421 | K36: 6914 | L36: 10647 | M36: 70007 | N36: 507 | O36: 223 | P36: 6.1 | Q36: 3591 | R36: 8660 | S36: 37862 | T36: 308 | U36: 4.4 | V36: 2195 | W36: 2208 | X36: 17732 | Y36: 635 | Z36: 39.6 | AA36: 10.3
B37: Avg Tm/G | D37: 23.2 | E37: 328.9 | F37: 61.2 | G37: 5.4 | H37: 1.1 | I37: 0.5 | J37: 19.6 | K37: 21.1 | L37: 32.5 | M37: 213.4 | N37: 1.5 | O37: 0.7 | P37: 6.1 | Q37: 10.9 | R37: 26 | S37: 115.4 | T37: 0.9 | U37: 4.4 | V37: 6.7 | W37: 6.7 | X37: 54.1 | Y37: 1.9 | Z37: 39.6 | AA37: 10.3
A40: Passing Offense Table
A41: Rk | B41: Tm | C41: G | D41: Cmp | E41: Att | F41: Cmp% | G41: Yds | H41: TD | I41: TD% | J41: Int | K41: Int% | L41: Lng | M41: Y/A | N41: AY/A | O41: Y/C | P41: Y/G | Q41: Rate | R41: Sk | S41: Yds_1 | T41: Sk% | U41: NY/A | V41: ANY/A | W41: 4QC | X41: GWD | Y41: EXP
A42: 1 | B42: San Francisco 49ers | C42: 11 | D42: 268 | E42: 388 | F42: 69.1 | G42: 2800 | H42: 20 | I42: 5.2 | J42: 10 | K42: 2.6 | L42: 56 | M42: 7.6 | N42: 7.4 | O42: 11 | P42: 254.5 | Q42: 97.6 | R42: 19 | S42: 137 | T42: 4.7 | U42: 6.9 | V42: 6.8 | W42: 2 | X42: 3 | Y42: 82.81
A43: 2 | B43: New England Patriots | C43: 11 | D43: 231 | E43: 322 | F43: 71.7 | G43: 2685 | H43: 20 | I43: 6.2 | J43: 5 | K43: 1.6 | L43: 72 | M43: 8.8 | N43: 9.4 | O43: 12.3 | P43: 244.1 | Q43: 113 | R43: 36 | S43: 163 | T43: 10.1 | U43: 7.5 | V43: 8 | W43: 0 | X43: 1 | Y43: 128.75
A44: 3 | B44: Dallas Cowboys | C44: 10 | D44: 259 | E44: 371 | F44: 69.8 | G44: 2587 | H44: 22 | I44: 5.9 | J44: 7 | K44: 1.9 | L44: 74 | M44: 7.2 | N44: 7.6 | O44: 10.4 | P44: 258.7 | Q44: 102.3 | R44: 16 | S44: 99 | T44: 4.1 | U44: 6.7 | V44: 7 | W44: 2 | X44: 1 | Y44: 116.22
A45: 4 | B45: Los Angeles Chargers | C45: 11 | D45: 256 | E45: 388 | F45: 66 | G45: 2547 | H45: 19 | I45: 4.9 | J45: 9 | K45: 2.3 | L45: 60 | M45: 7.1 | N45: 7.1 | O45: 10.8 | P45: 231.5 | Q45: 93.5 | R45: 37 | S45: 225 | T45: 8.7 | U45: 6 | V45: 5.9 | W45: 2 | X45: 2 | Y45: 29.08
A46: 5 | B46: Indianapolis Colts | C46: 10 | D46: 224 | E46: 324 | F46: 69.1 | G46: 2516 | H46: 15 | I46: 4.6 | J46: 7 | K46: 2.2 | L46: 75 | M46: 8.2 | N46: 8.2 | O46: 11.9 | P46: 251.6 | Q46: 100.4 | R46: 21 | S46: 152 | T46: 6.1 | U46: 7.3 | V46: 7.2 | W46: 3 | X46: 3 | Y46: 89.65
A47: 6 | B47: Seattle Seahawks | C47: 10 | D47: 193 | E47: 276 | F47: 69.9 | G47: 2494 | H47: 17 | I47: 6.2 | J47: 11 | K47: 4 | L47: 67 | M47: 9.3 | N47: 8.7 | O47: 13.2 | P47: 249.4 | Q47: 102.9 | R47: 10 | S47: 62 | T47: 3.5 | U47: 8.7 | V47: 8.2 | W47: 0 | X47: 2 | Y47: 87.2
A48: 7 | B48: Kansas City Chiefs | C48: 10 | D48: 233 | E48: 361 | F48: 64.5 | G48: 2489 | H48: 18 | I48: 5 | J48: 6 | K48: 1.7 | L48: 61 | M48: 7.3 | N48: 7.5 | O48: 11.3 | P48: 248.9 | Q48: 95.9 | R48: 20 | S48: 136 | T48: 5.2 | U48: 6.5 | V48: 6.8 | Y48: 101.25
A49: 8 | B49: Los Angeles Rams | C49: 10 | D49: 223 | E49: 339 | F49: 65.8 | G49: 2469 | H49: 27 | I49: 8 | J49: 2 | K49: 0.6 | L49: 88 | M49: 7.5 | N49: 8.9 | O49: 11.5 | P49: 246.9 | Q49: 112.4 | R49: 14 | S49: 88 | T49: 4 | U49: 7 | V49: 8.3 | W49: 1 | X49: 1 | Y49: 113.72
A50: 9 | B50: Buffalo Bills | C50: 10 | D50: 207 | E50: 299 | F50: 69.2 | G50: 2398 | H50: 18 | I50: 6 | J50: 7 | K50: 2.3 | L50: 54 | M50: 8.4 | N50: 8.5 | O50: 12.1 | P50: 239.8 | Q50: 105.1 | R50: 20 | S50: 112 | T50: 6.3 | U50: 7.5 | V50: 7.7 | W50: 2 | X50: 3 | Y50: 106.79
A51: 10 | B51: Detroit Lions | C51: 10 | D51: 217 | E51: 313 | F51: 69.3 | G51: 2368 | H51: 22 | I51: 7 | J51: 4 | K51: 1.3 | L51: 64 | M51: 8 | N51: 8.8 | O51: 11.5 | P51: 236.8 | Q51: 111.1 | R51: 20 | S51: 125 | T51: 6 | U51: 7.1 | V51: 7.9 | W51: 0 | X51: 1 | Y51: 85.8
A52: 11 | B52: Denver Broncos | C52: 11 | D52: 237 | E52: 388 | F52: 61.1 | G52: 2343 | H52: 18 | I52: 4.6 | J52: 8 | K52: 2.1 | L52: 52 | M52: 6.2 | N52: 6.2 | O52: 10.2 | P52: 213 | Q52: 85.9 | R52: 13 | S52: 78 | T52: 3.2 | U52: 5.8 | V52: 5.8 | W52: 5 | X52: 5 | Y52: 42.37
A53: 12 | B53: Green Bay Packers | C53: 10 | D53: 212 | E53: 312 | F53: 67.9 | G53: 2305 | H53: 16 | I53: 5.1 | J53: 3 | K53: 1 | L53: 59 | M53: 7.8 | N53: 8.4 | O53: 11.4 | P53: 230.5 | Q53: 104.2 | R53: 16 | S53: 122 | T53: 4.9 | U53: 7 | V53: 7.6 | W53: 4 | X53: 3 | Y53: 102.94
A54: 13 | B54: New York Giants | C54: 11 | D54: 216 | E54: 352 | F54: 61.4 | G54: 2293 | H54: 13 | I54: 3.7 | J54: 7 | K54: 2 | L54: 52 | M54: 7 | N54: 6.8 | O54: 11.3 | P54: 208.5 | Q54: 86.2 | R54: 33 | S54: 156 | T54: 8.6 | U54: 6 | V54: 5.8 | Y54: 36.74
A55: 14 | B55: Arizona Cardinals | C55: 10 | D55: 252 | E55: 375 | F55: 67.2 | G55: 2278 | H55: 16 | I55: 4.3 | J55: 6 | K55: 1.6 | L55: 50 | M55: 6.8 | N55: 6.9 | O55: 10 | P55: 227.8 | Q55: 93.8 | R55: 34 | S55: 254 | T55: 8.3 | U55: 5.6 | V55: 5.7 | Y55: 43
A56: 15 | B56: Chicago Bears | C56: 10 | D56: 198 | E56: 331 | F56: 59.8 | G56: 2272 | H56: 14 | I56: 4.2 | J56: 4 | K56: 1.2 | L56: 65 | M56: 7.2 | N56: 7.5 | O56: 12 | P56: 227.2 | Q56: 90.9 | R56: 16 | S56: 106 | T56: 4.6 | U56: 6.5 | V56: 6.8 | W56: 5 | X56: 5 | Y56: 48.31
A57: 16 | B57: Cincinnati Bengals | C57: 10 | D57: 236 | E57: 373 | F57: 63.3 | G57: 2257 | H57: 20 | I57: 5.4 | J57: 11 | K57: 2.9 | L57: 64 | M57: 6.4 | N57: 6.2 | O57: 10.2 | P57: 225.7 | Q57: 87.2 | R57: 23 | S57: 142 | T57: 5.8 | U57: 5.7 | V57: 5.5 | W57: 2 | X57: 2 | Y57: 5.81
A58: 17 | B58: Tampa Bay Buccaneers | C58: 10 | D58: 216 | E58: 340 | F58: 63.5 | G58: 2222 | H58: 17 | I58: 5 | J58: 3 | K58: 0.9 | L58: 77 | M58: 7 | N58: 7.6 | O58: 10.9 | P58: 222.2 | Q58: 97 | R58: 20 | S58: 143 | T58: 5.6 | U58: 6.2 | V58: 6.7 | W58: 4 | X58: 4 | Y58: 35.96
A59: 18 | B59: Houston Texans | C59: 10 | D59: 233 | E59: 362 | F59: 64.4 | G59: 2220 | H59: 14 | I59: 3.9 | J59: 6 | K59: 1.7 | L59: 54 | M59: 6.7 | N59: 6.7 | O59: 10.4 | P59: 222 | Q59: 89.7 | R59: 25 | S59: 208 | T59: 6.5 | U59: 5.7 | V59: 5.8 | W59: 1 | X59: 2 | Y59: 37.62
A60: 19 | B60: Atlanta Falcons | C60: 10 | D60: 198 | E60: 328 | F60: 60.4 | G60: 2126 | H60: 9 | I60: 2.7 | J60: 3 | K60: 0.9 | L60: 69 | M60: 6.8 | N60: 6.9 | O60: 11.3 | P60: 212.6 | Q60: 86.1 | R60: 14 | S60: 106 | T60: 4.1 | U60: 6.2 | V60: 6.3 | Y60: 20.99
A61: 20 | B61: Washington Commanders | C61: 11 | D61: 197 | E61: 308 | F61: 64 | G61: 2108 | H61: 15 | I61: 4.9 | J61: 7 | K61: 2.3 | L61: 56 | M61: 7.3 | N61: 7.3 | O61: 11.4 | P61: 191.6 | Q61: 92.6 | R61: 27 | S61: 141 | T61: 8.1 | U61: 6.3 | V61: 6.2 | Y61: 46.31
A62: 21 | B62: Miami Dolphins | C62: 11 | D62: 225 | E62: 330 | F62: 68.2 | G62: 2063 | H62: 17 | I62: 5.2 | J62: 13 | K62: 3.9 | L62: 47 | M62: 6.7 | N62: 6 | O62: 9.8 | P62: 187.5 | Q62: 87.6 | R62: 23 | S62: 153 | T62: 6.5 | U62: 5.8 | V62: 5.2 | W62: 1 | X62: 1 | Y62: 14.51
A63: 22 | B63: Carolina Panthers | C63: 11 | D63: 222 | E63: 351 | F63: 63.2 | G63: 2059 | H63: 15 | I63: 4.3 | J63: 8 | K63: 2.3 | L63: 54 | M63: 6.4 | N63: 6.3 | O63: 10.2 | P63: 187.2 | Q63: 86.3 | R63: 27 | S63: 196 | T63: 7.1 | U63: 5.4 | V63: 5.3 | W63: 3 | X63: 4 | Y63: 15.81
A64: 23 | B64: New Orleans Saints | C64: 10 | D64: 226 | E64: 343 | F64: 65.9 | G64: 2044 | H64: 11 | I64: 3.2 | J64: 8 | K64: 2.3 | L64: 87 | M64: 6.4 | N64: 6 | O64: 9.7 | P64: 204.4 | Q64: 84.6 | R64: 23 | S64: 147 | T64: 6.3 | U64: 5.6 | V64: 5.2 | Y64: -0.8
A65: 24 | B65: Jacksonville Jaguars | C65: 10 | D65: 202 | E65: 338 | F65: 59.8 | G65: 1994 | H65: 11 | I65: 3.3 | J65: 8 | K65: 2.4 | L65: 46 | M65: 6.4 | N65: 5.9 | O65: 10.6 | P65: 199.4 | Q65: 79.4 | R65: 26 | S65: 157 | T65: 7.1 | U65: 5.5 | V65: 5.1 | W65: 2 | X65: 3 | Y65: 8.72
A66: 25 | B66: Pittsburgh Steelers | C66: 10 | D66: 206 | E66: 307 | F66: 67.1 | G66: 1987 | H66: 20 | I66: 6.5 | J66: 7 | K66: 2.3 | L66: 80 | M66: 6.9 | N66: 7.1 | O66: 10.2 | P66: 198.7 | Q66: 98.8 | R66: 19 | S66: 121 | T66: 5.8 | U66: 6.1 | V66: 6.4 | W66: 1 | X66: 2 | Y66: 40.66
A67: 26 | B67: Minnesota Vikings | C67: 10 | D67: 190 | E67: 318 | F67: 59.7 | G67: 1930 | H67: 13 | I67: 4.1 | J67: 13 | K67: 4.1 | L67: 81 | M67: 6.7 | N67: 5.7 | O67: 11.2 | P67: 193 | Q67: 76.4 | R67: 34 | S67: 202 | T67: 9.7 | U67: 5.5 | V67: 4.6 | W67: 2 | X67: 2 | Y67: -5.36
A68: 27 | B68: Las Vegas Raiders | C68: 10 | D68: 207 | E68: 312 | F68: 66.3 | G68: 1876 | H68: 12 | I68: 3.8 | J68: 13 | K68: 4.2 | L68: 61 | M68: 6.7 | N68: 5.6 | O68: 10.1 | P68: 187.6 | Q68: 80.7 | R68: 31 | S68: 214 | T68: 9 | U68: 5.5 | V68: 4.5 | Y68: -6.78
A69: 28 | B69: Philadelphia Eagles | C69: 10 | D69: 180 | E69: 269 | F69: 66.9 | G69: 1849 | H69: 16 | I69: 5.9 | J69: 1 | K69: 0.4 | L69: 79 | M69: 7.4 | N69: 8.4 | O69: 11.1 | P69: 184.9 | Q69: 107 | R69: 26 | S69: 146 | T69: 8.8 | U69: 6.3 | V69: 7.2 | W69: 1 | X69: 1 | Y69: 48.23
A70: 29 | B70: Baltimore Ravens | C70: 10 | D70: 178 | E70: 262 | F70: 67.9 | G70: 1800 | H70: 16 | I70: 6.1 | J70: 7 | K70: 2.7 | L70: 56 | M70: 7.6 | N70: 7.6 | O70: 11.2 | P70: 180 | Q70: 99.7 | R70: 30 | S70: 199 | T70: 10.3 | U70: 6.2 | V70: 6.2 | W70: 1 | X70: 1 | Y70: 13.81
A71: 30 | B71: Tennessee Titans | C71: 10 | D71: 194 | E71: 332 | F71: 58.4 | G71: 1636 | H71: 6 | I71: 1.8 | J71: 6 | K71: 1.8 | L71: 47 | M71: 5.9 | N71: 5.4 | O71: 10.1 | P71: 163.6 | Q71: 73.8 | R71: 41 | S71: 318 | T71: 11 | U71: 4.4 | V71: 4 | W71: 1 | X71: 1 | Y71: -58.96
A72: 31 | B72: Cleveland Browns | C72: 10 | D72: 206 | E72: 360 | F72: 57.2 | G72: 1593 | H72: 9 | I72: 2.5 | J72: 9 | K72: 2.5 | L72: 35 | M72: 5 | N72: 4.4 | O72: 8.7 | P72: 159.3 | Q72: 68.5 | R72: 29 | S72: 206 | T72: 7.5 | U72: 4.1 | V72: 3.5 | W72: 1 | X72: 1 | Y72: -74.06
A73: 32 | B73: New York Jets | C73: 10 | D73: 172 | E73: 275 | F73: 62.5 | G73: 1399 | H73: 11 | I73: 4 | J73: 4 | K73: 1.5 | L73: 42 | M73: 6 | N73: 6.1 | O73: 9.5 | P73: 139.9 | Q73: 86.4 | R73: 36 | S73: 243 | T73: 11.6 | U73: 4.5 | V73: 4.6 | W73: 1 | X73: 2 | Y73: -23.11
B74: Avg Team | D74: 216.1 | E74: 332.7 | F74: 64.9 | G74: 2187.7 | H74: 15.8 | I74: 4.8 | J74: 7 | K74: 2.1 | L74: 62 | M74: 7.1 | N74: 7.1 | O74: 10.9 | P74: 213.4 | Q74: 92.7 | R74: 24.3 | S74: 158 | T74: 6.8 | U74: 6.13 | V74: 6.1 | W74: 1.5 | X74: 1.8 | Y74: 41.7
B75: League Total | D75: 6914 | E75: 10647 | F75: 64.9 | G75: 70007 | H75: 507 | I75: 4.8 | J75: 223 | K75: 2.1 | L75: 88 | M75: 7.1 | N75: 7.1 | O75: 10.9 | P75: 213.4 | Q75: 92.7 | R75: 779 | S75: 5057 | T75: 6.8 | U75: 6.13 | V75: 6.1 | W75: 47 | X75: 56
B76: Avg Tm/G | D76: 21.1 | E76: 32.5 | F76: 64.9 | G76: 213.4 | H76: 1.5 | I76: 4.8 | J76: 0.7 | K76: 2.1 | M76: 7.1 | N76: 7.1 | O76: 10.9 | P76: 213.4 | Q76: 92.7 | R76: 2.4 | S76: 15.4 | T76: 6.8 | U76: 6.13 | V76: 6.1
A79: Rushing Offense Table
A80: Rk | B80: Tm | C80: G | D80: Att | E80: Yds | F80: TD | G80: Lng | H80: Y/A | I80: Y/G | J80: Fmb | K80: EXP
A81: 1 | B81: Washington Commanders | C81: 11 | D81: 308 | E81: 1524 | F81: 12 | G81: 60 | H81: 4.9 | I81: 138.5 | J81: 13 | K81: 21.01
A82: 2 | B82: Buffalo Bills | C82: 10 | D82: 301 | E82: 1476 | F82: 19 | G82: 64 | H82: 4.9 | I82: 147.6 | J82: 12 | K82: 23.62
A83: 3 | B83: Chicago Bears | C83: 10 | D83: 302 | E83: 1466 | F83: 12 | G83: 39 | H83: 4.9 | I83: 146.6 | J83: 9 | K83: 25.36
A84: 4 | B84: Indianapolis Colts | C84: 10 | D84: 274 | E84: 1453 | F84: 22 | G84: 83 | H84: 5.3 | I84: 145.3 | J84: 12 | K84: 74.43
A85: 5 | B85: Baltimore Ravens | C85: 10 | D85: 274 | E85: 1420 | F85: 11 | G85: 71 | H85: 5.2 | I85: 142 | J85: 14 | K85: 20.45
A86: 6 | B86: New York Jets | C86: 10 | D86: 282 | E86: 1416 | F86: 7 | G86: 50 | H86: 5 | I86: 141.6 | J86: 11 | K86: 10.22
A87: 7 | B87: Carolina Panthers | C87: 11 | D87: 317 | E87: 1398 | F87: 7 | G87: 53 | H87: 4.4 | I87: 127.1 | J87: 13 | K87: 7.73
A88: 8 | B88: New York Giants | C88: 11 | D88: 323 | E88: 1372 | F88: 16 | G88: 31 | H88: 4.2 | I88: 124.7 | J88: 9 | K88: 27.01
A89: 9 | B89: Denver Broncos | C89: 11 | D89: 291 | E89: 1345 | F89: 11 | G89: 50 | H89: 4.6 | I89: 122.3 | J89: 7 | K89: 1.91
A90: 10 | B90: Detroit Lions | C90: 10 | D90: 281 | E90: 1301 | F90: 13 | G90: 78 | H90: 4.6 | I90: 130.1 | J90: 5 | K90: 3.61
A91: 11 | B91: Jacksonville Jaguars | C91: 10 | D91: 295 | E91: 1275 | F91: 14 | G91: 71 | H91: 4.3 | I91: 127.5 | J91: 8 | K91: 33.74
A92: 12 | B92: Los Angeles Chargers | C92: 11 | D92: 280 | E92: 1273 | F92: 5 | G92: 54 | H92: 4.5 | I92: 115.7 | J92: 9 | K92: 23.64
... A112: 32 | B112: Tennessee Titans | C112: 10 | D112: 200 | E112: 789 | F112: 3 | G112: 41 | H112: 3.9 | I112: 78.9 | J112: 11 | K112: -20.75
B113: Avg Team | D113: 271 | E113: 1183.2 | F113: 9.6 | G113: 51 | H113: 4.4 | I113: 115.4 | J113: 10.1 | K113: 7.4
B114: League Total | D114: 8660 | E114: 37862 | F114: 308 | G114: 83 | H114: 4.4 | I114: 115.4 | J114: 324
B115: Avg Tm/G | D115: 26 | E115: 115.4 | F115: 0.9 | H115: 4.4 | I115: 115.4 | J115: 1
A118: Scoring Offense Table
A119: Rk | B119: Tm | C119: G | D119: RshTD | E119: RecTD | F119: PR TD | G119: KR TD | H119: FblTD | I119: IntTD | J119: OthTD | K119: AllTD | L119: 2PM | M119: 2PA | N119: D2P | O119: XPM | P119: XPA | Q119: FGM | R119: FGA | S119: Sfty | T119: Pts | U119: Pts/G
A120: 1 | B120: Houston Texans | C120: 10 | D120: 5 | E120: 14 | H120: 2 | K120: 21 | L120: 1 | M120: 6 | O120: 14 | P120: 14 | Q120: 26 | R120: 29 | T120: 220 | U120: 22.0
A121: 2 | B121: Los Angeles Rams | C121: 10 | D121: 8 | E121: 27 | K121: 35 | M121: 0 | O121: 32 | P121: 35 | Q121: 10 | R121: 15 | T121: 272 | U121: 27.2
A122: 3 | B122: Denver Broncos | C122: 11 | D122: 11 | E122: 18 | K122: 29 | L122: 4 | M122: 5 | O122: 24 | P122: 24 | Q122: 17 | R122: 20 | T122: 257 | U122: 23.4
A123: 4 | B123: Kansas City Chiefs | C123: 10 | D123: 12 | E123: 18 | K123: 30 | L123: 1 | M123: 2 | O123: 24 | P123: 28 | Q123: 16 | R123: 19 | T123: 254 | U123: 25.4
A124: 5 | B124: New England Patriots | C124: 11 | D124: 12 | E124: 20 | F124: 1 | G124: 1 | H124: 1 | K124: 35 | L124: 2 | M124: 2 | O124: 31 | P124: 33 | Q124: 15 | R124: 17 | S124: 1 | T124: 292 | U124: 26.5
A125: 6 | B125: Seattle Seahawks | C125: 10 | D125: 12 | E125: 17 | F125: 1 | H125: 2 | J125: 1 | K125: 33 | M125: 0 | O125: 33 | P125: 33 | Q125: 21 | R125: 26 | T125: 294 | U125: 29.4
A126: 7 | B126: Green Bay Packers | C126: 10 | D126: 12 | E126: 16 | K126: 28 | L126: 2 | M126: 2 | O126: 23 | P126: 26 | Q126: 15 | R126: 21 | T126: 240 | U126: 24.0
A127: 8 | B127: Philadelphia Eagles | C127: 10 | D127: 10 | E127: 16 | I127: 1 | J127: 2 | K127: 29 | M127: 1 | O127: 27 | P127: 27 | Q127: 11 | R127: 13 | T127: 234 | U127: 23.4
A128: 9 | B128: Indianapolis Colts | C128: 10 | D128: 22 | E128: 15 | I128: 1 | K128: 38 | L128: 2 | M128: 6 | O128: 29 | P128: 31 | Q128: 20 | R128: 22 | T128: 321 | U128: 32.1
A129: 10 | B129: Detroit Lions | C129: 10 | D129: 13 | E129: 22 | F129: 1 | K129: 36 | L129: 1 | M129: 1 | O129: 33 | P129: 35 | Q129: 13 | R129: 17 | S129: 1 | T129: 292 | U129: 29.2
A130: 11 | B130: Los Angeles Chargers | C130: 11 | D130: 5 | E130: 19 | K130: 24 | L130: 1 | M130: 1 | O130: 23 | P130: 23 | Q130: 25 | R130: 27 | S130: 1 | T130: 246 | U130: 22.4
A131: 12 | B131: Jacksonville Jaguars | C131: 10 | D131: 14 | E131: 11 | F131: 2 | I131: 1 | K131: 28 | M131: 3 | O131: 24 | P131: 25 | Q131: 16 | R131: 20 | T131: 240 | U131: 24.0
A132: 13 | B132: Carolina Panthers | C132: 11 | D132: 7 | E132: 15 | I132: 1 | K132: 23 | L132: 1 | M132: 4 | O132: 16 | P132: 19 | Q132: 17 | R132: 20 | T132: 207 | U132: 18.8
A133: 14 | B133: Buffalo Bills | C133: 10 | D133: 19 | E133: 18 | K133: 37 | M133: 5 | O133: 31 | P133: 32 | Q133: 13 | R133: 15 | T133: 292 | U133: 29.2
A134: 15 | B134: San Francisco 49ers | C134: 11 | D134: 8 | E134: 20 | K134: 28 | L134: 2 | M134: 4 | O134: 20 | P134: 24 | Q134: 23 | R134: 25 | T134: 261 | U134: 23.7
A135: 16 | B135: Pittsburgh Steelers | C135: 10 | D135: 5 | E135: 20 | H135: 1 | I135: 1 | K135: 27 | L135: 1 | M135: 2 | O135: 25 | P135: 25 | Q135: 19 | R135: 22 | T135: 246 | U135: 24.6
A136: 17 | B136: Minnesota Vikings | C136: 10 | D136: 8 | E136: 13 | H136: 1 | I136: 1 | K136: 23 | L136: 2 | M136: 4 | O136: 19 | P136: 19 | Q136: 19 | R136: 21 | T136: 218 | U136: 21.8
A137: 18 | B137: Cleveland Browns | C137: 10 | D137: 6 | E137: 9 | I137: 2 | K137: 17 | M137: 1 | O137: 15 | P137: 16 | Q137: 15 | R137: 18 | T137: 162 | U137: 16.2
A138: 19 | B138: Atlanta Falcons | C138: 10 | D138: 12 | E138: 9 | K138: 21 | L138: 1 | M138: 1 | O138: 19 | P138: 20 | Q138: 16 | R138: 20 | T138: 195 | U138: 19.5
A139: 20 | B139: Miami Dolphins | C139: 11 | D139: 7 | E139: 17 | F139: 1 | K139: 25 | L139: 1 | M139: 1 | O139: 23 | P139: 24 | Q139: 17 | R139: 19 | T139: 226 | U139: 20.5
A140: 21 | B140: New Orleans Saints | C140: 10 | D140: 3 | E140: 11 | H140: 1 | K140: 15 | M140: 1 | O140: 14 | P140: 14 | Q140: 17 | R140: 23 | T140: 155 | U140: 15.5
A141: 22 | B141: Tampa Bay Buccaneers | C141: 10 | D141: 9 | E141: 17 | I141: 2 | K141: 28 | L141: 1 | M141: 7 | O141: 20 | P141: 21 | Q141: 20 | R141: 24 | S141: 1 | T141: 252 | U141: 25.2
A142: 23 | B142: Baltimore Ravens | C142: 10 | D142: 11 | E142: 16 | H142: 1 | K142: 28 | L142: 1 | M142: 2 | O142: 25 | P142: 26 | Q142: 19 | R142: 21 | T142: 252 | U142: 25.2
A143: 24 | B143: Las Vegas Raiders | C143: 10 | D143: 4 | E143: 12 | K143: 16 | L143: 1 | M143: 3 | O143: 12 | P143: 13 | Q143: 15 | R143: 19 | T143: 155 | U143: 15.5
A144: 25 | B144: Arizona Cardinals | C144: 10 | D144: 8 | E144: 16 | H144: 1 | K144: 25 | L144: 1 | M144: 3 | O144: 22 | P144: 22 | Q144: 16 | R144: 19 | S144: 1 | T144: 224 | U144: 22.4
...

Sheet Defense Data 2025
A1: Team Defense Table
A2: Rk | B2: Tm | C2: G | D2: PA | E2: Yds | F2: Ply | G2: Y/P | H2: TO | I2: FL | J2: 1stD | K2: Cmp | L2: Att | M2: Yds_1 | N2: TD | O2: Int | P2: NY/A | Q2: 1stD_2 | R2: Att_3 | S2: Yds_4 | T2: TD_5 | U2: Y/A | V2: 1stD_6 | W2: Pen | X2: Yds_7 | Y2: 1stPy | Z2: Sc% | AA2: TO% | AB2: EXP
A3: 1 | B3: Houston Texans | C3: 10 | D3: 163 | E3: 2581 | F3: 565 | G3: 4.6 | H3: 16 | I3: 6 | J3: 161 | K3: 181 | L3: 314 | M3: 1710 | N3: 10 | O3: 10 | P3: 5 | Q3: 92 | R3: 226 | S3: 871 | T3: 8 | U3: 3.9 | V3: 46 | W3: 74 | X3: 575 | Y3: 23 | Z3: 25.7 | AA3: 13.8 | AB3: 51.21
A4: 2 | B4: Los Angeles Rams | C4: 10 | D4: 172 | E4: 3230 | F4: 651 | G4: 5 | H4: 18 | I4: 8 | J4: 199 | K4: 237 | L4: 364 | M4: 2223 | N4: 12 | O4: 10 | P4: 5.7 | Q4: 114 | R4: 260 | S4: 1007 | T4: 4 | U4: 3.9 | V4: 67 | W4: 83 | X4: 648 | Y4: 18 | Z4: 33.3 | AA4: 17.6 | AB4: 28.21
A5: 3 | B5: Kansas City Chiefs | C5: 10 | D5: 181 | E5: 2968 | F5: 548 | G5: 5.4 | H5: 9 | I5: 3 | J5: 170 | K5: 202 | L5: 287 | M5: 1968 | N5: 9 | O5: 6 | P5: 6.4 | Q5: 93 | R5: 239 | S5: 1000 | T5: 10 | U5: 4.2 | V5: 62 | W5: 58 | X5: 578 | Y5: 15 | Z5: 35.9 | AA5: 9.8 | AB5: -12.29
A6: 4 | B6: Denver Broncos | C6: 11 | D6: 192 | E6: 3018 | F6: 686 | G6: 4.4 | H6: 9 | I6: 3 | J6: 189 | K6: 214 | L6: 369 | M6: 2044 | N6: 9 | O6: 6 | P6: 4.9 | Q6: 108 | R6: 268 | S6: 974 | T6: 8 | U6: 3.6 | V6: 49 | W6: 91 | X6: 656 | Y6: 32 | Z6: 32.6 | AA6: 6.2 | AB6: 38.3
A7: 5 | B7: Seattle Seahawks | C7: 10 | D7: 193 | E7: 3015 | F7: 645 | G7: 4.7 | H7: 13 | I7: 4 | J7: 188 | K7: 233 | L7: 371 | M7: 2080 | N7: 15 | O7: 9 | P7: 5.2 | Q7: 116 | R7: 242 | S7: 935 | T7: 6 | U7: 3.9 | V7: 50 | W7: 72 | X7: 584 | Y7: 22 | Z7: 30.1 | AA7: 10.6 | AB7: 16.05
A8: 6 | B8: Green Bay Packers | C8: 10 | D8: 196 | E8: 2921 | F8: 626 | G8: 4.7 | H8: 8 | I8: 4 | J8: 185 | K8: 230 | L8: 349 | M8: 1953 | N8: 13 | O8: 4 | P8: 5.2 | Q8: 106 | R8: 253 | S8: 968 | T8: 8 | U8: 3.8 | V8: 57 | W8: 64 | X8: 569 | Y8: 22 | Z8: 38.9 | AA8: 8.4 | AB8: -24.6
A9: 7 | B9: Philadelphia Eagles | C9: 10 | D9: 201 | E9: 3268 | F9: 627 | G9: 5.2 | H9: 10 | I9: 4 | J9: 192 | K9: 193 | L9: 341 | M9: 2127 | N9: 9 | O9: 6 | P9: 5.9 | Q9: 95 | R9: 265 | S9: 1141 | T9: 11 | U9: 4.3 | V9: 75 | W9: 56 | X9: 496 | Y9: 22 | Z9: 38.8 | AA9: 9.7 | AB9: -13.68
A10: 8 | B10: Indianapolis Colts | C10: 10 | D10: 206 | E10: 3276 | F10: 632 | G10: 5.2 | H10: 14 | I10: 4 | J10: 211 | K10: 241 | L10: 376 | M10: 2353 | N10: 16 | O10: 10 | P10: 5.8 | Q10: 127 | R10: 227 | S10: 923 | T10: 8 | U10: 4.1 | V10: 62 | W10: 59 | X10: 509 | Y10: 22 | Z10: 35.6 | AA10: 13.9 | AB10: -43.75
A11: 9 | B11: New England Patriots | C11: 11 | D11: 206 | E11: 3307 | F11: 620 | G11: 5.3 | H11: 12 | I11: 5 | J11: 201 | K11: 242 | L11: 358 | M11: 2375 | N11: 19 | O11: 7 | P11: 6.2 | Q11: 124 | R11: 238 | S11: 932 | T11: 4 | U11: 3.9 | V11: 58 | W11: 77 | X11: 575 | Y11: 19 | Z11: 33.3 | AA11: 10.8 | AB11: -6.15
A12: 10 | B12: Detroit Lions | C12: 10 | D12: 216 | E12: 2918 | F12: 595 | G12: 4.9 | H12: 12 | I12: 4 | J12: 182 | K12: 194 | L12: 313 | M12: 1921 | N12: 18 | O12: 8 | P12: 5.6 | Q12: 103 | R12: 251 | S12: 997 | T12: 8 | U12: 4 | V12: 55 | W12: 57 | X12: 404 | Y12: 24 | Z12: 34.2 | AA12: 10.5 | AB12: -1.61
A13: 11 | B13: Jacksonville Jaguars | C13: 10 | D13: 226 | E13: 3236 | F13: 601 | G13: 5.4 | H13: 18 | I13: 5 | J13: 200 | K13: 228 | L13: 367 | M13: 2369 | N13: 21 | O13: 13 | P13: 6.2 | Q13: 127 | R13: 219 | S13: 867 | T13: 6 | U13: 4 | V13: 48 | W13: 67 | X13: 600 | Y13: 25 | Z13: 35.5 | AA13: 15.9 | AB13: -16.77
A14: 12 | B14: Buffalo Bills | C14: 10 | D14: 229 | E14: 3227 | F14: 580 | G14: 5.6 | H14: 13 | I14: 6 | J14: 189 | K14: 168 | L14: 272 | M14: 1697 | N14: 10 | O14: 7 | P14: 5.7 | Q14: 90 | R14: 282 | S14: 1530 | T14: 17 | U14: 5.4 | V14: 83 | W14: 50 | X14: 422 | Y14: 16 | Z14: 39.3 | AA14: 12.1 | AB14: -43.57
... A34: 32 | B34: Cincinnati Bengals | C34: 10 | D34: 334 | E34: 4182 | F34: 660 | G34: 6.3 | H34: 9 | I34: 1 | J34: 237 | K34: 227 | L34: 338 | M34: 2573 | N34: 25 | O34: 8 | P34: 7.3 | Q34: 136 | R34: 308 | S34: 1609 | T34: 12 | U34: 5.2 | V34: 85 | W34: 72 | X34: 584 | Y34: 16 | Z34: 49.5 | AA34: 8.6 | AB34: -156.03
B35: Avg Team | D35: 237.9 | E35: 3370.9 | F35: 627.7 | G35: 5.4 | H35: 11.8 | I35: 4.8 | J35: 200.7 | K35: 216.1 | L35: 332.7 | M35: 2187.7 | N35: 15.8 | O35: 7 | P35: 6.1 | Q35: 112.2 | R35: 271 | S35: 1183.2 | T35: 9.6 | U35: 4.4 | V35: 68.6 | W35: 69 | X35: 554.1 | Y35: 19.8 | Z35: 39.6 | AA35: 10.3 | AB35: -39.4
B36: League Total | D36: 7614 | E36: 107869 | F36: 20086 | G36: 5.4 | H36: 376 | I36: 153 | J36: 6421 | K36: 6914 | L36: 10647 | M36: 70007 | N36: 507 | O36: 223 | P36: 6.1 | Q36: 3591 | R36: 8660 | S36: 37862 | T36: 308 | U36: 4.4 | V36: 2195 | W36: 2208 | X36: 17732 | Y36: 635 | Z36: 39.6 | AA36: 10.3
B37: Avg Tm/G | D37: 23.2 | E37: 328.9 | F37: 61.2 | G37: 5.4 | H37: 1.1 | I37: 0.5 | J37: 19.6 | K37: 21.1 | L37: 32.5 | M37: 213.4 | N37: 1.5 | O37: 0.7 | P37: 6.1 | Q37: 10.9 | R37: 26 | S37: 115.4 | T37: 0.9 | U37: 4.4 | V37: 6.7 | W37: 6.7 | X37: 54.1 | Y37: 1.9 | Z37: 39.6 | AA37: 10.3
A40: Passing Defense Table
A41: Rk | B41: Tm | C41: G | D41: Cmp | E41: Att | F41: Cmp% | G41: Yds | H41: TD | I41: TD% | J41: Int | K41: PD | L41: Int% | M41: Y/A | N41: AY/A | O41: Y/C | P41: Y/G | Q41: Rate | R41: Sk | S41: Yds_1 | T41: QBHits | U41: TFL | V41: Sk% | W41: NY/A | X41: ANY/A | Y41: EXP
A42: 1 | B42: Cleveland Browns | C42: 10 | D42: 169 | E42: 260 | F42: 65 | G42: 1670 | H42: 16 | I42: 6.2 | J42: 9 | K42: 36 | L42: 3.5 | M42: 7.2 | N42: 6.9 | O42: 11.1 | P42: 167 | Q42: 92.4 | R42: 32 | S42: 204 | T42: 59 | U42: 77 | V42: 11 | W42: 5.7 | X42: 5.4 | Y42: -4.5
A43: 2 | B43: Buffalo Bills | C43: 10 | D43: 168 | E43: 272 | F43: 61.8 | G43: 1697 | H43: 10 | I43: 3.7 | J43: 7 | K43: 32 | L43: 2.6 | M43: 6.8 | N43: 6.4 | O43: 11.1 | P43: 169.7 | Q43: 83.5 | R43: 26 | S43: 161 | T43: 57 | U43: 56 | V43: 8.7 | W43: 5.7 | X43: 5.3 | Y43: 0.88
A44: 3 | B44: Houston Texans | C44: 10 | D44: 181 | E44: 314 | F44: 57.6 | G44: 1710 | H44: 10 | I44: 3.2 | J44: 10 | K44: 53 | L44: 3.2 | M44: 6.1 | N44: 5.3 | O44: 10.5 | P44: 171 | Q44: 72.7 | R44: 25 | S44: 190 | T44: 53 | U44: 51 | V44: 7.4 | W44: 5 | X44: 4.3 | Y44: 35.9
A45: 4 | B45: Atlanta Falcons | C45: 10 | D45: 182 | E45: 283 | F45: 64.3 | G45: 1880 | H45: 17 | I45: 6 | J45: 8 | K45: 45 | L45: 2.8 | M45: 7.4 | N45: 7.4 | O45: 11.5 | P45: 188 | Q45: 94.9 | R45: 34 | S45: 221 | T45: 58 | U45: 52 | V45: 10.7 | W45: 5.9 | X45: 5.9 | Y45: -28.41
A46: 5 | B46: Los Angeles Chargers | C46: 11 | D46: 196 | E46: 326 | F46: 60.1 | G46: 1895 | H46: 10 | I46: 3.1 | J46: 10 | K46: 53 | L46: 3.1 | M46: 6.3 | N46: 5.5 | O46: 10.5 | P46: 172.3 | Q46: 75.9 | R46: 29 | S46: 163 | T46: 56 | U46: 52 | V46: 8.2 | W46: 5.3 | X46: 4.6 | Y46: -7.28
A47: 6 | B47: Minnesota Vikings | C47: 10 | D47: 185 | E47: 284 | F47: 65.1 | G47: 1905 | H47: 14 | I47: 4.9 | J47: 3 | K47: 25 | L47: 1.1 | M47: 7.3 | N47: 7.8 | O47: 11.2 | P47: 190.5 | Q47: 98.9 | R47: 26 | S47: 176 | T47: 55 | U47: 69 | V47: 8.4 | W47: 6.1 | X47: 6.6 | Y47: -9.26
A48: 7 | B48: Detroit Lions | C48: 10 | D48: 194 | E48: 313 | F48: 62 | G48: 1921 | H48: 18 | I48: 5.8 | J48: 8 | K48: 52 | L48: 2.6 | M48: 6.8 | N48: 6.8 | O48: 10.9 | P48: 192.1 | Q48: 90.5 | R48: 31 | S48: 200 | T48: 59 | U48: 42 | V48: 9 | W48: 5.6 | X48: 5.6 | Y48: -28
A49: 8 | B49: New Orleans Saints | C49: 10 | D49: 194 | E49: 284 | F49: 68.3 | G49: 1937 | H49: 18 | I49: 6.3 | J49: 5 | K49: 43 | L49: 1.8 | M49: 7.3 | N49: 7.8 | O49: 10.7 | P49: 193.7 | Q49: 103.3 | R49: 21 | S49: 139 | T49: 45 | U49: 43 | V49: 6.9 | W49: 6.4 | X49: 6.8 | Y49: -62.23
A50: 9 | B50: Green Bay Packers | C50: 10 | D50: 230 | E50: 349 | F50: 65.9 | G50: 1953 | H50: 13 | I50: 3.7 | J50: 4 | K50: 37 | L50: 1.1 | M50: 6 | N50: 6.2 | O50: 9.1 | P50: 195.3 | Q50: 89.6 | R50: 24 | S50: 136 | T50: 64 | U50: 45 | V50: 6.4 | W50: 5.2 | X50: 5.5 | Y50: -46.45
A51: 10 | B51: Kansas City Chiefs | C51: 10 | D51: 202 | E51: 287 | F51: 70.4 | G51: 1968 | H51: 9 | I51: 3.1 | J51: 6 | K51: 29 | L51: 2.1 | M51: 7.2 | N51: 6.9 | O51: 10.2 | P51: 196.8 | Q51: 92.4 | R51: 22 | S51: 90 | T51: 53 | U51: 42 | V51: 7.1 | W51: 6.4 | X51: 6.1 | Y51: -14.53
A52: 11 | B52: New York Jets | C52: 10 | D52: 192 | E52: 302 | F52: 63.6 | G52: 1988 | H52: 18 | I52: 6 | K52: 42 | M52: 7 | N52: 8.2 | O52: 11 | P52: 198.8 | Q52: 104.1 | R52: 18 | S52: 126 | T52: 37 | U52: 49 | V52: 5.6 | W52: 6.2 | X52: 7.3 | Y52: -61.63
A53: 12 | B53: Denver Broncos | C53: 11 | D53: 214 | E53: 369 | F53: 58 | G53: 2044 | H53: 9 | I53: 2.4 | J53: 6 | K53: 65 | L53: 1.6 | M53: 6.3 | N53: 6.1 | O53: 10.9 | P53: 185.8 | Q53: 78.2 | R53: 49 | S53: 298 | T53: 107 | U53: 51 | V53: 11.7 | W53: 4.9 | X53: 4.7 | Y53: 1.58
A54: 13 | B54: Seattle Seahawks | C54: 10 | D54: 233 | E54: 371 | F54: 62.8 | G54: 2080 | H54: 15 | I54: 4 | J54: 9 | K54: 57 | L54: 2.4 | M54: 6.2 | N54: 6 | O54: 9.9 | P54: 208 | Q54: 83.8 | R54: 32 | S54: 237 | T54: 77 | U54: 59 | V54: 7.9 | W54: 5.2 | X54: 4.9 | Y54: -13.42
A55: 14 | B55: Philadelphia Eagles | C55: 10 | D55: 193 | E55: 341 | F55: 56.6 | G55: 2127 | H55: 9 | I55: 2.6 | J55: 6 | K55: 55 | L55: 1.8 | M55: 6.6 | N55: 6.3 | O55: 11.6 | P55: 212.7 | Q55: 78 | R55: 21 | S55: 107 | T55: 59 | U55: 40 | V55: 5.8 | W55: 5.9 | X55: 5.6 | Y55: -5.93
A56: 15 | B56: Tennessee Titans | C56: 10 | D56: 216 | E56: 306 | F56: 70.6 | G56: 2178 | H56: 15 | I56: 4.9 | J56: 5 | K56: 36 | L56: 1.6 | M56: 7.7 | N56: 8 | O56: 10.9 | P56: 217.8 | Q56: 102.6 | R56: 26 | S56: 181 | T56: 59 | U56: 49 | V56: 7.8 | W56: 6.6 | X56: 6.8 | Y56: -67.1
A57: 16 | B57: Las Vegas Raiders | C57: 10 | D57: 223 | E57: 331 | F57: 67.4 | G57: 2195 | H57: 16 | I57: 4.8 | J57: 6 | K57: 36 | L57: 1.8 | M57: 7 | N57: 7.1 | O57: 10.4 | P57: 219.5 | Q57: 95.9 | R57: 19 | S57: 120 | T57: 41 | U57: 57 | V57: 5.4 | W57: 6.3 | X57: 6.4 | Y57: -69.47
A58: 17 | B58: Arizona Cardinals | C58: 10 | D58: 222 | E58: 343 | F58: 64.7 | G58: 2214 | H58: 13 | I58: 3.8 | J58: 6 | K58: 52 | L58: 1.7 | M58: 6.9 | N58: 6.8 | O58: 10.6 | P58: 221.4 | Q58: 89.9 | R58: 19 | S58: 138 | T58: 48 | U58: 47 | V58: 5.2 | W58: 6.1 | X58: 6.1 | Y58: -59.22
A59: 18 | B59: Los Angeles Rams | C59: 10 | D59: 237 | E59: 364 | F59: 65.1 | G59: 2223 | H59: 12 | I59: 3.3 | J59: 10 | K59: 56 | L59: 2.7 | M59: 6.6 | N59: 6 | O59: 10.1 | P59: 222.3 | Q59: 83.4 | R59: 27 | S59: 180 | T59: 64 | U59: 39 | V59: 6.9 | W59: 5.7 | X59: 5.1 | Y59: 15.93
A60: 19 | B60: Miami Dolphins | C60: 11 | D60: 231 | E60: 317 | F60: 72.9 | G60: 2279 | H60: 18 | I60: 5.7 | J60: 3 | K60: 27 | L60: 0.9 | M60: 7.6 | N60: 8.3 | O60: 10.5 | P60: 207.2 | Q60: 109.5 | R60: 21 | S60: 136 | T60: 48 | U60: 48 | V60: 6.2 | W60: 6.7 | X60: 7.4 | Y60: -96.69
A61: 20 | B61: Chicago Bears | C61: 10 | D61: 209 | E61: 309 | F61: 67.6 | G61: 2313 | H61: 21 | I61: 6.8 | J61: 15 | K61: 45 | L61: 4.9 | M61: 7.8 | N61: 7 | O61: 11.6 | P61: 231.3 | Q61: 93.5 | R61: 21 | S61: 110 | T61: 49 | U61: 43 | V61: 6.4 | W61: 7 | X61: 6.2 | Y61: -54.59
A62: 21 | B62: Baltimore Ravens | C62: 10 | D62: 229 | E62: 362 | F62: 63.3 | G62: 2326 | H62: 15 | I62: 4.1 | J62: 6 | K62: 42 | L62: 1.7 | M62: 6.7 | N62: 6.8 | O62: 10.7 | P62: 232.6 | Q62: 89.8 | R62: 15 | S62: 115 | T62: 59 | U62: 43 | V62: 4 | W62: 6.2 | X62: 6.2 | Y62: -49.42
A63: 22 | B63: Carolina Panthers | C63: 11 | D63: 219 | E63: 339 | F63: 64.6 | G63: 2341 | H63: 13 | I63: 3.8 | J63: 7 | K63: 42 | L63: 2.1 | M63: 7.2 | N63: 7.1 | O63: 11.2 | P63: 212.8 | Q63: 90.3 | R63: 16 | S63: 113 | T63: 39 | U63: 41 | V63: 4.5 | W63: 6.6 | X63: 6.4 | Y63: -84.01
A64: 23 | B64: Indianapolis Colts | C64: 10 | D64: 241 | E64: 376 | F64: 64.1 | G64: 2353 | H64: 16 | I64: 4.3 | J64: 10 | K64: 44 | L64: 2.7 | M64: 6.8 | N64: 6.4 | O64: 10.6 | P64: 235.3 | Q64: 86.9 | R64: 29 | S64: 200 | T64: 68 | U64: 55 | V64: 7.2 | W64: 5.8 | X64: 5.5 | Y64: -31.48
... A73: 32 | B73: Washington Commanders | C73: 11 | D73: 223 | E73: 328 | F73: 68 | G73: 2744 | H73: 22 | I73: 6.7 | J73: 5 | K73: 41 | L73: 1.5 | M73: 8.9 | N73: 9.5 | O73: 13 | P73: 249.5 | Q73: 111.7 | R73: 25 | S73: 164 | T73: 58 | U73: 49 | V73: 7.1 | W73: 7.8 | X73: 8.4 | Y73: -111.91
B74: Avg Team | D74: 216.1 | E74: 332.7 | F74: 64.9 | G74: 2187.7 | H74: 15.8 | I74: 4.8 | J74: 7 | K74: 44.4 | L74: 2.1 | M74: 7.1 | N74: 7.1 | O74: 10.9 | P74: 213.4 | Q74: 92.7 | R74: 24.3 | S74: 158 | T74: 56.6 | U74: 49.6 | V74: 6.8 | W74: 6.13 | X74: 6.1 | Y74: -41.7
B75: League Total | D75: 6914 | E75: 10647 | F75: 64.9 | G75: 70007 | H75: 507 | I75: 4.8 | J75: 223 | K75: 1422 | L75: 2.1 | M75: 7.1 | N75: 7.1 | O75: 10.9 | P75: 213.4 | Q75: 92.7 | R75: 779 | S75: 5057 | T75: 1812 | U75: 1588 | V75: 6.8 | W75: 6.13 | X75: 6.1
B76: Avg Tm/G | D76: 21.1 | E76: 32.5 | F76: 64.9 | G76: 213.4 | H76: 1.5 | I76: 4.8 | J76: 0.7 | K76: 4.3 | L76: 2.1 | M76: 7.1 | N76: 7.1 | O76: 10.9 | P76: 213.4 | Q76: 92.7 | R76: 2.4 | S76: 15.4 | T76: 5.5 | U76: 4.8 | V76: 6.8 | W76: 6.13 | X76: 6.1
A79: Rushing Defense Table
A80: Rk | B80: Tm | C80: G | D80: Att | E80: Yds | F80: TD | G80: Y/A | H80: Y/G | I80: EXP
A81: 1 | B81: Jacksonville Jaguars | C81: 10 | D81: 219 | E81: 867 | F81: 6 | G81: 4 | H81: 86.7 | I81: 6.41
A82: 2 | B82: Houston Texans | C82: 10 | D82: 226 | E82: 871 | F82: 8 | G82: 3.9 | H82: 87.1 | I82: 3.04
A83: 3 | B83: Indianapolis Colts | C83: 10 | D83: 227 | E83: 923 | F83: 8 | G83: 4.1 | H83: 92.3 | I83: -16.47
A84: 4 | B84: New England Patriots | C84: 11 | D84: 238 | E84: 932 | F84: 4 | G84: 3.9 | H84: 84.7 | I84: 4.36
A85: 5 | B85: Seattle Seahawks | C85: 10 | D85: 242 | E85: 935 | F85: 6 | G85: 3.9 | H85: 93.5 | I85: 17.85
A86: 6 | B86: Green Bay Packers | C86: 10 | D86: 253 | E86: 968 | F86: 8 | G86: 3.8 | H86: 96.8 | I86: 10.91
A87: 7 | B87: Denver Broncos | C87: 11 | D87: 268 | E87: 974 | F87: 8 | G87: 3.6 | H87: 88.5 | I87: 23.57
A88: 8 | B88: Detroit Lions | C88: 10 | D88: 251 | E88: 997 | F88: 8 | G88: 4 | H88: 99.7 | I88: 12.93
A89: 9 | B89: Kansas City Chiefs | C89: 10 | D89: 239 | E89: 1000 | F89: 10 | G89: 4.2 | H89: 100 | I89: -7.77
A90: 10 | B90: Tampa Bay Buccaneers | C90: 10 | D90: 241 | E90: 1004 | F90: 12 | G90: 4.2 | H90: 100.4 | I90: -2.61
A91: 11 | B91: Los Angeles Rams | C91: 10 | D91: 260 | E91: 1007 | F91: 4 | G91: 3.9 | H91: 100.7 | I91: 5.37
A92: 12 | B92: Pittsburgh Steelers | C92: 10 | D92: 255 | E92: 1064 | F92: 7 | G92: 4.2 | H92: 106.4 | I92: -21.01
... A112: 32 | B112: New York Giants | C112: 11 | D112: 298 | E112: 1649 | F112: 15 | G112: 5.5 | H112: 149.9 | I112: -66.01
B113: Avg Team | D113: 271 | E113: 1183.2 | F113: 9.6 | G113: 4.4 | H113: 115.4 | I113: -7.4
B114: League Total | D114: 8660 | E114: 37862 | F114: 308 | G114: 4.4 | H114: 115.4
B115: Avg Tm/G | D115: 26 | E115: 115.4 | F115: 0.9 | G115: 4.4 | H115: 115.4
A118: Scoring Defense Table
A119: Rk | B119: Tm | C119: G | D119: RshTD | E119: RecTD | F119: PR TD | G119: KR TD | H119: FblTD | I119: IntTD | J119: OthTD | K119: AllTD | L119: 2PM | M119: 2PA | N119: D2P | O119: XPM | P119: XPA | Q119: FGM | R119: FGA | S119: Sfty | T119: Pts | U119: Pts/G
A120: 1 | B120: Houston Texans | C120: 10 | D120: 8 | E120: 10 | F120: 1 | K120: 19 | L120: 2 | M120: 4 | O120: 15 | P120: 15 | Q120: 10 | R120: 17 | T120: 163 | U120: 16.3
A121: 2 | B121: Los Angeles Rams | C121: 10 | D121: 4 | E121: 12 | J121: 1 | K121: 17 | M121: 2 | O121: 13 | P121: 14 | Q121: 19 | R121: 21 | T121: 172 | U121: 17.2
A122: 3 | B122: Denver Broncos | C122: 11 | D122: 8 | E122: 9 | K122: 17 | M122: 1 | O122: 13 | P122: 16 | Q122: 25 | R122: 27 | S122: 1 | T122: 192 | U122: 17.5
A123: 4 | B123: Kansas City Chiefs | C123: 10 | D123: 10 | E123: 9 | I123: 1 | K123: 20 | M123: 0 | O123: 19 | P123: 20 | Q123: 14 | R123: 15 | T123: 181 | U123: 18.1
A124: 5 | B124: New England Patriots | C124: 11 | D124: 4 | E124: 19 | F124: 1 | K124: 24 | M124: 2 | O124: 20 | P124: 22 | Q124: 14 | R124: 17 | T124: 206 | U124: 18.7
A125: 6 | B125: Seattle Seahawks | C125: 10 | D125: 6 | E125: 15 | H125: 1 | K125: 22 | L125: 3 | M125: 5 | O125: 16 | P125: 17 | Q125: 13 | R125: 17 | T125: 193 | U125: 19.3
A126: 7 | B126: Green Bay Packers | C126: 10 | D126: 8 | E126: 13 | K126: 21 | L126: 2 | M126: 3 | O126: 16 | P126: 18 | Q126: 16 | R126: 20 | T126: 196 | U126: 19.6
A127: 8 | B127: Philadelphia Eagles | C127: 10 | D127: 11 | E127: 9 | K127: 20 | L127: 1 | M127: 1 | O127: 17 | P127: 19 | Q127: 20 | R127: 24 | S127: 1 | T127: 201 | U127: 20.1
A128: 9 | B128: Indianapolis Colts | C128: 10 | D128: 8 | E128: 16 | K128: 24 | L128: 2 | M128: 2 | O128: 22 | P128: 22 | Q128: 12 | R128: 17 | T128: 206 | U128: 20.6
A129: 10 | B129: Detroit Lions | C129: 10 | D129: 8 | E129: 18 | K129: 26 | M129: 4 | O129: 21 | P129: 22 | Q129: 13 | R129: 14 | T129: 216 | U129: 21.6
A130: 11 | B130: Los Angeles Chargers | C130: 11 | D130: 14 | E130: 10 | F130: 1 | I130: 1 | K130: 26 | L130: 2 | M130: 3 | O130: 21 | P130: 23 | Q130: 19 | R130: 22 | T130: 238 | U130: 21.6
A131: 12 | B131: Jacksonville Jaguars | C131: 10 | D131: 6 | E131: 21 | H131: 1 | K131: 28 | L131: 2 | M131: 5 | O131: 21 | P131: 22 | Q131: 11 | R131: 12 | T131: 226 | U131: 22.6
A132: 13 | B132: Carolina Panthers | C132: 11 | D132: 13 | E132: 13 | F132: 1 | H132: 1 | K132: 28 | M132: 0 | O132: 27 | P132: 28 | Q132: 18 | R132: 21 | T132: 249 | U132: 22.6
A133: 14 | B133: Buffalo Bills | C133: 10 | D133: 17 | E133: 10 | K133: 27 | L133: 1 | M133: 4 | O133: 20 | P133: 23 | Q133: 15 | R133: 17 | T133: 229 | U133: 22.9
A134: 15 | B134: San Francisco 49ers | C134: 11 | D134: 8 | E134: 21 | F134: 1 | K134: 30 | M134: 4 | O134: 25 | P134: 26 | Q134: 15 | R134: 22 | S134: 1 | T134: 252 | U134: 22.9
A135: 16 | B135: Pittsburgh Steelers | C135: 10 | D135: 7 | E135: 16 | J135: 1 | K135: 24 | L135: 2 | M135: 5 | O135: 19 | P135: 19 | Q135: 21 | R135: 25 | S135: 1 | T135: 232 | U135: 23.2
A136: 17 | B136: Minnesota Vikings | C136: 10 | D136: 8 | E136: 14 | I136: 2 | K136: 24 | L136: 1 | M136: 1 | O136: 23 | P136: 23 | Q136: 21 | R136: 28 | T136: 232 | U136: 23.2
A137: 18 | B137: Cleveland Browns | C137: 10 | D137: 5 | E137: 16 | F137: 2 | G137: 1 | H137: 1 | K137: 25 | M137: 0 | O137: 25 | P137: 25 | Q137: 19 | R137: 22 | S137: 1 | T137: 234 | U137: 23.4
A138: 19 | B138: Atlanta Falcons | C138: 10 | D138: 8 | E138: 17 | I138: 1 | K138: 26 | L138: 2 | M138: 4 | O138: 19 | P138: 21 | Q138: 20 | R138: 22 | T138: 239 | U138: 23.9
A139: 20 | B139: Miami Dolphins | C139: 11 | D139: 10 | E139: 18 | G139: 1 | I139: 1 | K139: 30 | L139: 2 | M139: 3 | O139: 25 | P139: 27 | Q139: 20 | R139: 23 | T139: 269 | U139: 24.5
A140: 21 | B140: New Orleans Saints | C140: 10 | D140: 9 | E140: 18 | F140: 1 | I140: 1 | K140: 29 | L140: 1 | M140: 1 | O140: 26 | P140: 28 | Q140: 16 | R140: 19 | T140: 250 | U140: 25
A141: 22 | B141: Tampa Bay Buccaneers | C141: 10 | D141: 12 | E141: 16 | J141: 2 | K141: 30 | M141: 2 | O141: 28 | P141: 28 | Q141: 14 | R141: 17 | T141: 250 | U141: 25
A142: 23 | B142: Baltimore Ravens | C142: 10 | D142: 11 | E142: 15 | I142: 1 | K142: 27 | M142: 4 | O142: 23 | P142: 23 | Q142: 22 | R142: 27 | T142: 251 | U142: 25.1
A143: 24 | B143: Las Vegas Raiders | C143: 10 | D143: 12 | E143: 16 | F143: 1 | K143: 29 | L143: 1 | M143: 5 | O143: 24 | P143: 24 | Q143: 17 | R143: 20 | S143: 1 | T143: 253 | U143: 25.3
A144: 25 | B144: Arizona Cardinals | C144: 10 | D144: 11 | E144: 13 | H144: 3 | J144: 1 | K144: 28 | M144: 3 | O144: 22 | P144: 25 | Q144: 22 | R144: 25 | T144: 256 | U144: 25.6
A145: 26 | B145: Chicago Bears | C145: 10 | D145: 9 | E145: 21 | G145: 1 | K145: 31 | L145: 3 | M145: 4 | O145: 27 | P145: 27 | Q145: 15 | R145: 20 | T145: 264 | U145: 26.4
A146: 27 | B146: New York Jets | C146: 10 | D146: 10 | E146: 18 | I146: 1 | K146: 29 | M146: 0 | O146: 28 | P146: 29 | Q146: 22 | R146: 24 | T146: 268 | U146: 26.8
A147: 28 | B147: Washington Commanders | C147: 11 | D147: 10 | E147: 22 | I147: 1 | K147: 33 | L147: 2 | M147: 4 | O147: 28 | P147: 29 | Q147: 22 | R147: 24 | T147: 296 | U147: 26.9
A148: 29 | B148: New York Giants | C148: 11 | D148: 15 | E148: 19 | H148: 1 | K148: 35 | L148: 4 | M148: 4 | O148: 28 | P148: 31 | Q148: 18 | R148: 22 | T148: 300 | U148: 27.3
A149: 30 | B149: Tennessee Titans | C149: 10 | D149: 15 | E149: 15 | H149: 1 | I149: 1 | K149: 32 | M149: 1 | O149: 30 | P149: 31 | Q149: 17 | R149: 19 | T149: 273 | U149: 27.3
A150: 31 | B150: Dallas Cowboys | C150: 10 | D150: 11 | E150: 23 | K150: 34 | L150: 2 | M150: 4 | O150: 29 | P150: 30 | Q150: 18 | R150: 18 | S150: 1 | T150: 293 | U150: 29.3
A151: 32 | B151: Cincinnati Bengals | C151: 10 | D151: 12 | E151: 25 | H151: 2 | I151: 2 | K151: 41 | L151: 2 | M151: 3 | O151: 37 | P151: 38 | Q151: 15 | R151: 17 | S151: 1 | T151: 334 | U151: 33.4
B152: Avg Team | D152: 9.6 | E152: 15.8 | F152: 0.3 | G152: 0.1 | H152: 0.3 | I152: 0.4 | J152: 0.2 | K152: 26.8 | L152: 1.2 | M152: 2.8 | N152: 0 | O152: 22.7 | P152: 23.9 | Q152: 17.3 | R152: 20.5 | S152: 0.3 | T152: 237.9 | U152: 23.2
...

Sheet Fantasy
B2: Rk | C2: Player | D2: Tm | E2: FantPos | F2: Age | G2: G | H2: GS | I2: Cmp | J2: Att | K2: Yds | L2: TD | M2: Int | N2: Att_1 | O2: Yds_2 | P2: Y/A | Q2: TD_3 | R2: Tgt | S2: Rec | T2: Yds_4 | U2: Y/R | V2: TD_5 | W2: Fmb | X2: FL | Y2: TD_6 | Z2: 2PM | AA2: 2PP | AB2: FantPt | AC2: PPR | AD2: DKPt | AE2: FDPt | AF2: VBD | AG2: PosRank | AH2: OvRank
B3: 1 | C3: Jonathan Taylor | D3: IND | E3: RB | F3: 26 | G3: 10 | H3: 10 | I3: 0 | J3: 0 | K3: 0 | L3: 0 | M3: 0 | N3: 189 | O3: 1139 | P3: 6.03 | Q3: 15 | R3: 32 | S3: 30 | T3: 260 | U3: 8.67 | V3: 2 | W3: 1 | X3: 0 | Y3: 17 | Z3: 1 | AB3: 244 | AC3: 273.9 | AD3: 279.9 | AE3: 258.9 | AF3: 142 | AG3: 1 | AH3: 1
B4: 2 | C4: Christian McCaffrey | D4: SFO | E4: RB | F4: 29 | G4: 11 | H4: 11 | I4: 0 | J4: 0 | K4: 0 | L4: 0 | M4: 0 | N4: 193 | O4: 707 | P4: 3.66 | Q4: 6 | R4: 96 | S4: 74 | T4: 732 | U4: 9.89 | V4: 5 | W4: 1 | X4: 0 | Y4: 11 | AB4: 210 | AC4: 283.9 | AD4: 289.9 | AE4: 246.9 | AF4: 110 | AG4: 2 | AH4: 2
B5: 3 | C5: De'Von Achane | D5: MIA | E5: RB | F5: 24 | G5: 11 | H5: 11 | I5: 0 | J5: 0 | K5: 0 | L5: 0 | M5: 0 | N5: 164 | O5: 900 | P5: 5.49 | Q5: 5 | R5: 71 | S5: 54 | T5: 370 | U5: 6.85 | V5: 4 | W5: 1 | X5: 0 | Y5: 9 | AB5: 181 | AC5: 235.0 | AD5: 241.0 | AE5: 208.0 | AF5: 82 | AG5: 3 | AH5: 3
B6: 4 | C6: Josh Allen | D6: BUF | E6: QB | F6: 29 | G6: 10 | H6: 10 | I6: 204 | J6: 293 | K6: 2456 | L6: 18 | M6: 7 | N6: 65 | O6: 351 | P6: 5.40 | Q6: 10 | R6: 0 | S6: 0 | T6: 0 | V6: 0 | W6: 5 | X6: 2 | Y6: 10 | AB6: 247 | AC6: 247.3 | AD6: 262.3 | AE6: 254.3 | AF6: 69 | AG6: 1 | AH6: 4
B7: 5 | C7: Jahmyr Gibbs | D7: DET | E7: RB | F7: 23 | G7: 10 | H7: 10 | I7: 0 | J7: 0 | K7: 0 | L7: 0 | M7: 0 | N7: 140 | O7: 732 | P7: 5.23 | Q7: 8 | R7: 43 | S7: 37 | T7: 334 | U7: 9.03 | V7: 2 | W7: 0 | X7: 0 | Y7: 10 | AB7: 167 | AC7: 203.6 | AD7: 209.6 | AE7: 185.1 | AF7: 69 | AG7: 4 | AH7: 5
B8: 6 | C8: Jaxon Smith-Njigba | D8: SEA | E8: WR | F8: 23 | G8: 10 | H8: 10 | I8: 0 | J8: 0 | K8: 0 | L8: 0 | M8: 0 | N8: 5 | O8: 33 | P8: 6.60 | Q8: 0 | R8: 97 | S8: 72 | T8: 1146 | U8: 15.92 | V8: 5 | W8: 2 | X8: 1 | Y8: 5 | AB8: 146 | AC8: 217.9 | AD8: 221.9 | AE8: 181.9 | AF8: 66 | AG8: 1 | AH8: 6
B9: 7 | C9: Bijan Robinson | D9: ATL | E9: RB | F9: 23 | G9: 10 | H9: 10 | I9: 0 | J9: 0 | K9: 0 | L9: 0 | M9: 0 | N9: 158 | O9: 783 | P9: 4.96 | Q9: 4 | R9: 59 | S9: 47 | T9: 506 | U9: 10.77 | V9: 2 | W9: 2 | X9: 1 | Y9: 6 | AB9: 163 | AC9: 209.9 | AD9: 216.9 | AE9: 186.4 | AF9: 65 | AG9: 5 | AH9: 7
B10: 8 | C10: James Cook | D10: BUF | E10: RB | F10: 26 | G10: 10 | H10: 10 | I10: 0 | J10: 0 | K10: 0 | L10: 0 | M10: 0 | N10: 182 | O10: 968 | P10: 5.32 | Q10: 7 | R10: 23 | S10: 21 | T10: 190 | U10: 9.05 | V10: 1 | W10: 2 | X10: 1 | Y10: 8 | AB10: 162 | AC10: 182.8 | AD10: 189.8 | AE10: 172.3 | AF10: 64 | AG10: 6 | AH10: 8
B11: 9 | C11: Josh Jacobs | D11: GNB | E11: RB | F11: 27 | G11: 10 | H11: 10 | I11: 0 | J11: 0 | K11: 0 | L11: 0 | M11: 0 | N11: 169 | O11: 648 | P11: 3.83 | Q11: 11 | R11: 35 | S11: 28 | T11: 237 | U11: 8.46 | V11: 0 | W11: 2 | X11: 1 | Y11: 11 | AB11: 153 | AC11: 180.5 | AD11: 187.5 | AE11: 166.5 | AF11: 56 | AG11: 7 | AH11: 9
B12: 10 | C12: George Pickens | D12: DAL | E12: WR | F12: 24 | G12: 10 | H12: 9 | I12: 0 | J12: 0 | K12: 0 | L12: 0 | M12: 0 | N12: 0 | O12: 0 | Q12: 0 | R12: 83 | S12: 58 | T12: 908 | U12: 15.66 | V12: 7 | W12: 2 | X12: 0 | Y12: 7 | AB12: 133 | AC12: 190.8 | AD12: 193.8 | AE12: 161.8 | AF12: 53 | AG12: 2 | AH12: 10
B13: 11 | C13: Kyren Williams | D13: LAR | E13: RB | F13: 25 | G13: 10 | H13: 10 | I13: 0 | J13: 0 | K13: 0 | L13: 0 | M13: 0 | N13: 158 | O13: 750 | P13: 4.75 | Q13: 6 | R13: 31 | S13: 23 | T13: 182 | U13: 7.91 | V13: 3 | W13: 2 | X13: 2 | Y13: 9 | AB13: 143 | AC13: 166.2 | AD13: 174.2 | AE13: 154.7 | AF13: 47 | AG13: 8 | AH13: 11
B14: 12 | C14: Trey McBride | D14: ARI | E14: TE | F14: 26 | G14: 10 | H14: 10 | I14: 0 | J14: 0 | K14: 0 | L14: 0 | M14: 0 | N14: 0 | O14: 0 | Q14: 0 | R14: 99 | S14: 71 | T14: 718 | U14: 10.11 | V14: 7 | W14: 0 | X14: 0 | Y14: 7 | AB14: 114 | AC14: 184.8 | AD14: 187.8 | AE14: 149.3 | AF14: 46 | AG14: 1 | AH14: 12
B15: 13 | C15: Drake Maye | D15: NWE | E15: QB | F15: 23 | G15: 11 | H15: 11 | I15: 230 | J15: 320 | K15: 2836 | L15: 20 | M15: 5 | N15: 70 | O15: 285 | P15: 4.07 | Q15: 2 | R15: 1 | S15: 1 | T15: 2 | U15: 2.00 | V15: 0 | W15: 6 | X15: 2 | Y15: 2 | Z15: 1 | AB15: 222 | AC15: 223.1 | AD15: 236.1 | AE15: 227.6 | AF15: 45 | AG15: 2 | AH15: 13
B16: 14 | C16: Javonte Williams | D16: DAL | E16: RB | F16: 25 | G16: 10 | H16: 10 | I16: 0 | J16: 0 | K16: 0 | L16: 0 | M16: 0 | N16: 161 | O16: 809 | P16: 5.02 | Q16: 8 | R16: 36 | S16: 26 | T16: 93 | U16: 3.58 | V16: 1 | W16: 2 | X16: 2 | Y16: 9 | AB16: 140 | AC16: 166.2 | AD16: 171.2 | AE16: 153.2 | AF16: 44 | AG16: 9 | AH16: 14
B17: 15 | C17: Amon-Ra St. Brown | D17: DET | E17: WR | F17: 26 | G17: 10 | H17: 10 | I17: 0 | J17: 0 | K17: 0 | L17: 0 | M17: 0 | N17: 3 | O17: 9 | P17: 3.00 | Q17: 0 | R17: 94 | S17: 66 | T17: 735 | U17: 11.14 | V17: 8 | W17: 1 | X17: 0 | Y17: 8 | AB17: 122 | AC17: 188.4 | AD17: 191.4 | AE17: 155.4 | AF17: 44 | AG17: 3 | AH17: 15
B18: 16 | C18: Patrick Mahomes | D18: KAN | E18: QB | F18: 30 | G18: 10 | H18: 10 | I18: 233 | J18: 361 | K18: 2625 | L18: 18 | M18: 6 | N18: 48 | O18: 288 | P18: 6.00 | Q18: 4 | R18: 0 | S18: 0 | T18: 0 | V18: 0 | W18: 3 | X18: 0 | Y18: 4 | AA18: 1 | AB18: 220 | AC18: 219.8 | AD18: 231.8 | AE18: 225.8 | AF18: 43 | AG18: 3 | AH18: 16
B19: 17 | C19: Rico Dowdle | D19: CAR | E19: RB | F19: 27 | G19: 11 | H19: 5 | I19: 0 | J19: 0 | K19: 0 | L19: 0 | M19: 0 | N19: 168 | O19: 833 | P19: 4.96 | Q19: 5 | R19: 30 | S19: 23 | T19: 197 | U19: 8.57 | V19: 1 | W19: 1 | X19: 0 | Y19: 6 | AB19: 139 | AC19: 162.0 | AD19: 168.0 | AE19: 150.5 | AF19: 43 | AG19: 10 | AH19: 17
B20: 18 | C20: Puka Nacua | D20: LAR | E20: WR | F20: 24 | G20: 9 | H20: 8 | I20: 0 | J20: 0 | K20: 0 | L20: 0 | M20: 0 | N20: 6 | O20: 73 | P20: 12.17 | Q20: 1 | R20: 87 | S20: 73 | T20: 850 | U20: 11.64 | V20: 4 | W20: 1 | X20: 1 | Y20: 5 | AB20: 120 | AC20: 193.3 | AD20: 197.3 | AE20: 156.8 | AF20: 42 | AG20: 4 | AH20: 18
B21: 19 | C21: Drake London | D21: ATL | E21: WR | F21: 24 | G21: 9 | H21: 9 | I21: 0 | J21: 0 | K21: 0 | L21: 0 | M21: 0 | N21: 0 | O21: 0 | Q21: 0 | R21: 94 | S21: 60 | T21: 810 | U21: 13.50 | V21: 6 | W21: 1 | X21: 1 | Y21: 6 | Z21: 1 | AB21: 117 | AC21: 177.0 | AD21: 181.0 | AE21: 147.0 | AF21: 39 | AG21: 5 | AH21: 19
B22: 20 | C22: Davante Adams | D22: LAR | E22: WR | F22: 33 | G22: 10 | H22: 10 | I22: 0 | J22: 0 | K22: 0 | L22: 0 | M22: 0 | N22: 0 | O22: 0 | Q22: 0 | R22: 86 | S22: 43 | T22: 569 | U22: 13.23 | V22: 10 | W22: 0 | X22: 0 | Y22: 10 | AB22: 117 | AC22: 159.9 | AD22: 162.9 | AE22: 138.4 | AF22: 38 | AG22: 6 | AH22: 20
B23: 21 | C23: Ja'Marr Chase | D23: CIN | E23: WR | F23: 25 | G23: 10 | H23: 10 | I23: 0 | J23: 0 | K23: 0 | L23: 0 | M23: 0 | N23: 2 | O23: 6 | P23: 3.00 | Q23: 0 | R23: 117 | S23: 79 | T23: 861 | U23: 10.90 | V23: 5 | W23: 1 | X23: 1 | Y23: 5 | AB23: 115 | AC23: 193.7 | AD23: 197.7 | AE23: 154.2 | AF23: 36 | AG23: 7 | AH23: 21
B24: 22 | C24: Emeka Egbuka | D24: TAM | E24: WR | F24: 23 | G24: 10 | H24: 9 | I24: 0 | J24: 0 | K24: 0 | L24: 0 | M24: 0 | N24: 2 | O24: 9 | P24: 4.50 | Q24: 0 | R24: 85 | S24: 45 | T24: 717 | U24: 15.93 | V24: 6 | W24: 0 | X24: 0 | Y24: 6 | Z24: 1 | AB24: 111 | AC24: 155.6 | AD24: 158.6 | AE24: 133.1 | AF24: 33 | AG24: 8 | AH24: 22
B25: 23 | C25: Derrick Henry | D25: BAL | E25: RB | F25: 31 | G25: 10 | H25: 10 | I25: 0 | J25: 1 | K25: 0 | L25: 0 | M25: 0 | N25: 166 | O25: 807 | P25: 4.86 | Q25: 7 | R25: 15 | S25: 11 | T25: 74 | U25: 6.73 | V25: 0 | W25: 3 | X25: 2 | Y25: 7 | AB25: 126 | AC25: 137.1 | AD25: 142.1 | AE25: 131.6 | AF25: 31 | AG25: 11 | AH25: 23
B26: 24 | C26: Justin Herbert | D26: LAC | E26: QB | F26: 27 | G26: 11 | H26: 11 | I26: 250 | J26: 376 | K26: 2691 | L26: 19 | M26: 9 | N26: 54 | O26: 345 | P26: 6.39 | Q26: 1 | R26: 0 | S26: 0 | T26: 0 | V26: 0 | W26: 2 | X26: 1 | Y26: 1 | Z26: 1 | AB26: 206 | AC26: 206.1 | AD26: 222.1 | AE26: 215.1 | AF26: 30 | AG26: 4 | AH26: 24
B27: 25 | C27: Saquon Barkley | D27: PHI | E27: RB | F27: 28 | G27: 10 | H27: 10 | I27: 0 | J27: 0 | K27: 0 | L27: 0 | M27: 0 | N27: 175 | O27: 662 | P27: 3.78 | Q27: 4 | R27: 33 | S27: 28 | T27: 207 | U27: 7.39 | V27: 2 | W27: 0 | X27: 0 | Y27: 6 | AB27: 123 | AC27: 150.9 | AD27: 156.9 | AE27: 136.9 | AF27: 28 | AG27: 12 | AH27: 25
B28: 26 | C28: Travis Etienne | D28: JAX | E28: RB | F28: 26 | G28: 10 | H28: 10 | I28: 0 | J28: 0 | K28: 0 | L28: 0 | M28: 0 | N28: 154 | O28: 729 | P28: 4.73 | Q28: 5 | R28: 33 | S28: 21 | T28: 130 | U28: 6.19 | V28: 1 | W28: 1 | X28: 0 | Y28: 6 | AB28: 122 | AC28: 142.9 | AD28: 148.9 | AE28: 132.4 | AF28: 27 | AG28: 13 | AH28: 26
B29: 27 | C29: Matthew Stafford | D29: LAR | E29: QB | F29: 37 | G29: 10 | H29: 10 | I29: 223 | J29: 338 | K29: 2557 | L29: 27 | M29: 2 | N29: 24 | O29: -9 | P29: -0.38 | Q29: 0 | R29: 0 | S29: 0 | T29: 0 | V29: 0 | W29: 5 | X29: 2 | Y29: 0 | AB29: 201 | AC29: 201.4 | AD29: 208.4 | AE29: 203.4 | AF29: 26 | AG29: 5 | AH29: 27
B30: 28 | C30: Jalen Hurts | D30: PHI | E30: QB | F30: 27 | G30: 10 | H30: 10 | I30: 180 | J30: 269 | K30: 1995 | L30: 16 | M30: 1 | N30: 73 | O30: 265 | P30: 3.63 | Q30: 6 | R30: 0 | S30: 0 | T30: 0 | V30: 0 | W30: 5 | X30: 2 | Y30: 6 | AB30: 200 | AC30: 200.3 | AD30: 209.3 | AE30: 201.3 | AF30: 25 | AG30: 6 | AH30: 28
B31: 29 | C31: Jaylen Waddle | D31: MIA | E31: WR | F31: 27 | G31: 11 | H31: 11 | I31: 1 | J31: 1 | K31: 8 | L31: 0 | M31: 0 | N31: 0 | O31: 0 | Q31: 0 | R31: 73 | S31: 49 | T31: 722 | U31: 14.73 | V31: 5 | W31: 0 | X31: 0 | Y31: 5 | AB31: 103 | AC31: 151.5 | AD31: 154.5 | AE31: 127.0 | AF31: 25 | AG31: 9 | AH31: 29
B32: Rk | C32: Player | D32: Tm | E32: FantPos | F32: Age | G32: G | H32: GS | I32: Cmp | J32: Att | K32: Yds | L32: TD | M32: Int | N32: Att | O32: Yds | P32: Y/A | Q32: TD | R32: Tgt | S32: Rec | T32: Yds | U32: Y/R | V32: TD | W32: Fmb | X32: FL | Y32: TD | Z32: 2PM | AA32: 2PP | AB32: FantPt | AC32: PPR | AD32: DKPt | AE32: FDPt | AF32: VBD | AG32: PosRank | AH32: OvRank
B33: 30 | C33: Bo Nix | D33: DEN | E33: QB | F33: 25 | G33: 11 | H33: 11 | I33: 237 | J33: 387 | K33: 2421 | L33: 18 | M33: 8 | N33: 50 | O33: 213 | P33: 4.26 | Q33: 3 | R33: 1 | S33: 0 | T33: 0 | V33: 0 | W33: 2 | X33: 1 | Y33: 3 | AA33: 4 | AB33: 198 | AC33: 198.1 | AD33: 213.1 | AE33: 206.1 | AF33: 23 | AG33: 7 | AH33: 30
B34: 31 | C34: Travis Kelce | D34: KAN | E34: TE | F34: 36 | G34: 10 | H34: 10 | I34: 0 | J34: 0 | K34: 0 | L34: 0 | M34: 0 | N34: 0 | O34: 0 | Q34: 0 | R34: 66 | S34: 50 | T34: 631 | U34: 12.62 | V34: 4 | W34: 0 | X34: 0 | Y34: 4 | Z34: 1 | AB34: 89 | AC34: 139.1 | AD34: 142.1 | AE34: 114.1 | AF34: 23 | AG34: 2 | AH34: 31
B35: 32 | C35: Tetairoa McMillan | D35: CAR | E35: WR | F35: 22 | G35: 11 | H35: 11 | I35: 0 | J35: 0 | K35: 0 | L35: 0 | M35: 0 | N35: 0 | O35: 0 | Q35: 0 | R35: 89 | S35: 54 | T35: 748 | U35: 13.85 | V35: 4 | W35: 0 | X35: 0 | Y35: 4 | AB35: 99 | AC35: 152.8 | AD35: 155.8 | AE35: 125.8 | AF35: 21 | AG35: 10 | AH35: 32
B36: 33 | C36: Tee Higgins | D36: CIN | E36: WR | F36: 26 | G36: 10 | H36: 10 | I36: 0 | J36: 0 | K36: 0 | L36: 0 | M36: 0 | N36: 0 | O36: 0 | Q36: 0 | R36: 64 | S36: 35 | T36: 544 | U36: 15.54 | V36: 7 | W36: 0 | X36: 0 | Y36: 7 | Z36: 1 | AB36: 98 | AC36: 133.4 | AD36: 136.4 | AE36: 115.9 | AF36: 21 | AG36: 11 | AH36: 33
B37: 34 | C37: Breece Hall | D37: NYJ | E37: RB | F37: 24 | G37: 10 | H37: 10 | I37: 1 | J37: 1 | K37: 4 | L37: 1 | M37: 0 | N37: 152 | O37: 722 | P37: 4.75 | Q37: 2 | R37: 33 | S37: 24 | T37: 226 | U37: 9.42 | V37: 1 | W37: 1 | X37: 1 | Y37: 3 | AB37: 115 | AC37: 139.0 | AD37: 146.0 | AE37: 127.0 | AF37: 20 | AG37: 14 | AH37: 34
B38: 35 | C38: Tyler Warren | D38: IND | E38: TE | F38: 23 | G38: 10 | H38: 7 | I38: 0 | J38: 1 | K38: 0 | L38: 0 | M38: 0 | N38: 4 | O38: 6 | P38: 1.50 | Q38: 1 | R38: 67 | S38: 50 | T38: 617 | U38: 12.34 | V38: 3 | W38: 0 | X38: 0 | Y38: 4 | AB38: 86 | AC38: 136.3 | AD38: 139.3 | AE38: 111.3 | AF38: 20 | AG38: 3 | AH38: 35
B39: 36 | C39: Rome Odunze | D39: CHI | E39: WR | F39: 23 | G39: 10 | H39: 10 | I39: 0 | J39: 0 | K39: 0 | L39: 0 | M39: 0 | N39: 0 | O39: 0 | Q39: 0 | R39: 75 | S39: 39 | T39: 600 | U39: 15.38 | V39: 6 | W39: 0 | X39: 0 | Y39: 6 | AB39: 96 | AC39: 135.0 | AD39: 138.0 | AE39: 115.5 | AF39: 19 | AG39: 12 | AH39: 36
B40: 37 | C40: Michael Pittman Jr. | D40: IND | E40: WR | F40: 28 | G40: 10 | H40: 9 | I40: 0 | J40: 0 | K40: 0 | L40: 0 | M40: 0 | N40: 0 | O40: 0 | Q40: 0 | R40: 70 | S40: 54 | T40: 580 | U40: 10.74 | V40: 6 | W40: 0 | X40: 0 | Y40: 6 | Z40: 1 | AB40: 96 | AC40: 150.0 | AD40: 153.0 | AE40: 123.0 | AF40: 19 | AG40: 13 | AH40: 37
B41: 38 | C41: Tucker Kraft | D41: GNB | E41: TE | F41: 25 | G41: 8 | H41: 8 | I41: 0 | J41: 0 | K41: 0 | L41: 0 | M41: 0 | N41: 1 | O41: 3 | P41: 3.00 | Q41: 0 | R41: 44 | S41: 32 | T41: 489 | U41: 15.28 | V41: 6 | W41: 0 | X41: 0 | Y41: 6 | AB41: 85 | AC41: 117.2 | AD41: 120.2 | AE41: 101.2 | AF41: 19 | AG41: 4 | AH41: 38
B42: 39 | C42: Dak Prescott | D42: DAL | E42: QB | F42: 32 | G42: 10 | H42: 10 | I42: 253 | J42: 362 | K42: 2587 | L42: 21 | M42: 6 | N42: 33 | O42: 117 | P42: 3.55 | Q42: 1 | R42: 0 | S42: 0 | T42: 0 | V42: 0 | W42: 4 | X42: 1 | Y42: 1 | AA42: 1 | AB42: 193 | AC42: 193.2 | AD42: 206.2 | AE42: 199.2 | AF42: 18 | AG42: 8 | AH42: 39
B43: 40 | C43: Daniel Jones | D43: IND | E43: QB | F43: 28 | G43: 10 | H43: 10 | I43: 223 | J43: 319 | K43: 2659 | L43: 15 | M43: 7 | N43: 40 | O43: 143 | P43: 3.58 | Q43: 5 | R43: 0 | S43: 0 | T43: 0 | V43: 0 | W43: 8 | X43: 3 | Y43: 5 | AA43: 1 | AB43: 193 | AC43: 192.7 | AD43: 208.7 | AE43: 199.7 | AF43: 18 | AG43: 9 | AH43: 40
B44: 41 | C44: D'Andre Swift | D44: CHI | E44: RB | F44: 26 | G44: 9 | H44: 9 | I44: 0 | J44: 0 | K44: 0 | L44: 0 | M44: 0 | N44: 134 | O44: 634 | P44: 4.73 | Q44: 4 | R44: 33 | S44: 23 | T44: 210 | U44: 9.13 | V44: 1 | W44: 1 | X44: 1 | Y44: 5 | AB44: 112 | AC44: 135.4 | AD44: 142.4 | AE44: 123.9 | AF44: 18 | AG44: 15 | AH44: 41
B45: 42 | C45: Ashton Jeanty | D45: LVR | E45: RB | F45: 22 | G45: 10 | H45: 10 | I45: 0 | J45: 0 | K45: 0 | L45: 0 | M45: 0 | N45: 149 | O45: 554 | P45: 3.72 | Q45: 4 | R45: 38 | S45: 29 | T45: 163 | U45: 5.62 | V45: 3 | W45: 2 | X45: 1 | Y45: 7 | AB45: 112 | AC45: 140.7 | AD45: 147.7 | AE45: 126.2 | AF45: 17 | AG45: 16 | AH45: 42
B46: 43 | C46: Caleb Williams | D46: CHI | E46: QB | F46: 24 | G46: 10 | H46: 10 | I46: 194 | J46: 325 | K46: 2329 | L46: 13 | M46: 4 | N46: 52 | O46: 272 | P46: 5.23 | Q46: 3 | R46: 2 | S46: 2 | T46: 22 | U46: 11.00 | V46: 1 | W46: 5 | X46: 0 | Y46: 4 | AB46: 191 | AC46: 192.6 | AD46: 202.6 | AE46: 195.6 | AF46: 16 | AG46: 10 | AH46: 43
B47: 44 | C47: Courtland Sutton | D47: DEN | E47: WR | F47: 30 | G47: 11 | H47: 11 | I47: 0 | J47: 0 | K47: 0 | L47: 0 | M47: 0 | N47: 0 | O47: 0 | Q47: 0 | R47: 74 | S47: 45 | T47: 649 | U47: 14.42 | V47: 4 | W47: 0 | X47: 0 | Y47: 4 | Z47: 1 | AB47: 91 | AC47: 135.9 | AD47: 138.9 | AE47: 113.4 | AF47: 14 | AG47: 14 | AH47: 44
B48: 45 | C48: Jake Ferguson | D48: DAL | E48: TE | F48: 26 | G48: 10 | H48: 7 | I48: 0 | J48: 0 | K48: 0 | L48: 0 | M48: 0 | N48: 0 | O48: 0 | Q48: 0 | R48: 71 | S48: 60 | T48: 400 | U48: 6.67 | V48: 7 | W48: 1 | X48: 1 | Y48: 7 | AB48: 80 | AC48: 140.0 | AD48: 144.0 | AE48: 110.0 | AF48: 14 | AG48: 5 | AH48: 45
B49: 46 | C49: Nico Collins | D49: HOU | E49: WR | F49: 26 | G49: 9 | H49: 9 | I49: 0 | J49: 0 | K49: 0 | L49: 0 | M49: 0 | N49: 1 | O49: 8 | P49: 8.00 | Q49: 0 | R49: 82 | S49: 49 | T49: 642 | U49: 13.10 | V49: 4 | W49: 1 | X49: 1 | Y49: 4 | Z49: 1 | AB49: 89 | AC49: 138.0 | AD49: 142.0 | AE49: 113.5 | AF49: 12 | AG49: 15 | AH49: 46
B50: 47 | C50: Ladd McConkey | D50: LAC | E50: WR | F50: 24 | G50: 11 | H50: 9 | I50: 0 | J50: 0 | K50: 0 | L50: 0 | M50: 0 | N50: 0 | O50: 0 | Q50: 0 | R50: 84 | S50: 54 | T50: 644 | U50: 11.93 | V50: 4 | W50: 0 | X50: 0 | Y50: 4 | AB50: 88 | AC50: 142.4 | AD50: 145.4 | AE50: 115.4 | AF50: 12 | AG50: 16 | AH50: 47
B51: 48 | C51: Dallas Goedert | D51: PHI | E51: TE | F51: 30 | G51: 9 | H51: 9 | I51: 0 | J51: 0 | K51: 0 | L51: 0 | M51: 0 | N51: 0 | O51: 0 | Q51: 0 | R51: 50 | S51: 36 | T51: 356 | U51: 9.89 | V51: 7 | W51: 0 | X51: 0 | Y51: 7 | AB51: 78 | AC51: 113.6 | AD51: 116.6 | AE51: 95.6 | AF51: 12 | AG51: 6 | AH51: 48
B52: 49 | C52: J.K. Dobbins | D52: DEN | E52: RB | F52: 27 | G52: 10 | H52: 9 | I52: 0 | J52: 0 | K52: 0 | L52: 0 | M52: 0 | N52: 153 | O52: 772 | P52: 5.05 | Q52: 4 | R52: 14 | S52: 11 | T52: 37 | U52: 3.36 | V52: 0 | W52: 0 | X52: 0 | Y52: 4 | AB52: 105 | AC52: 115.9 | AD52: 118.9 | AE52: 110.4 | AF52: 11 | AG52: 17 | AH52: 49
B53: 50 | C53: Chris Olave | D53: NOR | E53: WR | F53: 25 | G53: 10 | H53: 10 | I53: 0 | J53: 1 | K53: 0 | L53: 0 | M53: 1 | N53: 1 | O53: -3 | P53: -3.00 | Q53: 0 | R53: 95 | S53: 60 | T53: 664 | U53: 11.07 | V53: 4 | W53: 0 | X53: 0 | Y53: 4 | AB53: 88 | AC53: 148.1 | AD53: 152.1 | AE53: 119.1 | AF53: 11 | AG53: 18 | AH53: 50
B54: 51 | C54: Deebo Samuel | D54: WAS | E54: WR | F54: 29 | G54: 10 | H54: 6 | I54: 0 | J54: 0 | K54: 0 | L54: 0 | M54: 0 | N54: 11 | O54: 52 | P54: 4.73 | Q54: 1 | R54: 68 | S54: 53 | T54: 470 | U54: 8.87 | V54: 5 | W54: 1 | X54: 0 | Y54: 6 | AB54: 88 | AC54: 141.2 | AD54: 144.2 | AE54: 114.7 | AF54: 11 | AG54: 17 | AH54: 51
B55: 52 | C55: Jameson Williams | D55: DET | E55: WR | F55: 24 | G55: 10 | H55: 8 | I55: 0 | J55: 0 | K55: 0 | L55: 0 | M55: 0 | N55: 4 | O55: 10 | P55: 2.50 | Q55: 0 | R55: 50 | S55: 31 | T55: 562 | U55: 18.13 | V55: 5 | W55: 0 | X55: 0 | Y55: 5 | AB55: 87 | AC55: 118.2 | AD55: 121.2 | AE55: 102.7 | AF55: 11 | AG55: 19 | AH55: 52
B56: 53 | C56: Cam Skattebo | D56: NYG | E56: RB | F56: 23 | G56: 8 | H56: 5 | I56: 0 | J56: 0 | K56: 0 | L56: 0 | M56: 0 | N56: 101 | O56: 410 | P56: 4.06 | Q56: 5 | R56: 32 | S56: 24 | T56: 207 | U56: 8.63 | V56: 2 | W56: 1 | X56: 1 | Y56: 7 | Z56: 1 | AB56: 104 | AC56: 127.7 | AD56: 134.7 | AE56: 115.7 | AF56: 10 | AG56: 18 | AH56: 53
B57: 54 | C57: Justin Jefferson | D57: MIN | E57: WR | F57: 26 | G57: 10 | H57: 10 | I57: 0 | J57: 0 | K57: 0 | L57: 0 | M57: 0 | N57: 1 | O57: 4 | P57: 4.00 | Q57: 0 | R57: 93 | S57: 56 | T57: 747 | U57: 13.34 | V57: 2 | W57: 0 | X57: 0 | Y57: 2 | AB57: 87 | AC57: 143.1 | AD57: 146.1 | AE57: 115.1 | AF57: 10 | AG57: 20 | AH57: 54
B58: 55 | C58: Troy Franklin | D58: DEN | E58: WR | F58: 22 | G58: 11 | H58: 6 | I58: 0 | J58: 0 | K58: 0 | L58: 0 | M58: 0 | N58: 4 | O58: 9 | P58: 2.25 | Q58: 0 | R58: 81 | S58: 46 | T58: 509 | U58: 11.07 | V58: 5 | W58: 1 | X58: 1 | Y58: 5 | Z58: 3 | AB58: 86 | AC58: 131.8 | AD58: 135.8 | AE58: 108.8 | AF58: 9 | AG58: 21 | AH58: 55
B59: 56 | C59: D.K. Metcalf | D59: PIT | E59: WR | F59: 28 | G59: 10 | H59: 10 | I59: 0 | J59: 0 | K59: 0 | L59: 0 | M59: 0 | N59: 0 | O59: 0 | Q59: 0 | R59: 62 | S59: 37 | T59: 551 | U59: 14.89 | V59: 5 | W59: 0 | X59: 0 | Y59: 5 | AB59: 85 | AC59: 122.1 | AD59: 125.1 | AE59: 103.6 | AF59: 9 | AG59: 22 | AH59: 56
B60: 57 | C60: DeVonta Smith | D60: PHI | E60: WR | F60: 27 | G60: 10 | H60: 10 | I60: 0 | J60: 0 | K60: 0 | L60: 0 | M60: 0 | N60: 0 | O60: 0 | Q60: 0 | R60: 67 | S60: 49 | T60: 665 | U60: 13.57 | V60: 3 | W60: 0 | X60: 0 | Y60: 3 | AB60: 85 | AC60: 133.5 | AD60: 136.5 | AE60: 109.0 | AF60: 8 | AG60: 24 | AH60: 57
B61: 58 | C61: Quentin Johnston | D61: LAC | E61: WR | F61: 24 | G61: 10 | H61: 8 | I61: 0 | J61: 0 | K61: 0 | L61: 0 | M61: 0 | N61: 2 | O61: 7 | P61: 3.50 | Q61: 0 | R61: 65 | S61: 37 | T61: 502 | U61: 13.57 | V61: 6 | W61: 1 | X61: 1 | Y61: 6 | AB61: 85 | AC61: 121.9 | AD61: 125.9 | AE61: 103.4 | AF61: 8 | AG61: 23 | AH61: 58
B62: 59 | C62: Stefon Diggs | D62: NWE | E62: WR | F62: 32 | G62: 11 | H62: 11 | I62: 0 | J62: 0 | K62: 0 | L62: 0 | M62: 0 | N62: 0 | O62: 0 | Q62: 0 | R62: 72 | S62: 59 | T62: 659 | U62: 11.17 | V62: 3 | W62: 0 | X62: 0 | Y62: 3 | AB62: 84 | AC62: 142.9 | AD62: 145.9 | AE62: 113.4 | AF62: 7 | AG62: 25 | AH62: 59
B63: Rk | C63: Player | D63: Tm | E63: FantPos | F63: Age | G63: G | H63: GS | I63: Cmp | J63: Att | K63: Yds | L63: TD | M63: Int | N63: Att | O63: Yds | P63: Y/A | Q63: TD | R63: Tgt | S63: Rec | T63: Yds | U63: Y/R | V63: TD | W63: Fmb | X63: FL | Y63: TD | Z63: 2PM | AA63: 2PP | AB63: FantPt | AC63: PPR | AD63: DKPt | AE63: FDPt | AF63: VBD | AG63: PosRank | AH63: OvRank
B64: 60 | C64: Tre Tucker | D64: LVR | E64: WR | F64: 24 | G64: 10 | H64: 10 | I64: 0 | J64: 0 | K64: 0 | L64: 0 | M64: 0 | N64: 6 | O64: 36 | P64: 6.00 | Q64: 0 | R64: 54 | S64: 38 | T64: 502 | U64: 13.21 | V64: 5 | W64: 0 | X64: 0 | Y64: 5 | AB64: 84 | AC64: 121.8 | AD64: 124.8 | AE64: 102.8 | AF64: 7 | AG64: 26 | AH64: 60
B65: 61 | C65: Keenan Allen | D65: LAC | E65: WR | F65: 33 | G65: 11 | H65: 2 | I65: 0 | J65: 0 | K65: 0 | L65: 0 | M65: 0 | N65: 0 | O65: 0 | Q65: 0 | R65: 86 | S65: 56 | T65: 592 | U65: 10.57 | V65: 4 | W65: 1 | X65: 0 | Y65: 4 | AB65: 83 | AC65: 139.2 | AD65: 142.2 | AE65: 111.2 | AF65: 7 | AG65: 27 | AH65: 61
B66: 62 | C66: Baker Mayfield | D66: TAM | E66: QB | F66: 30 | G66: 10 | H66: 10 | I66: 216 | J66: 340 | K66: 2365 | L66: 17 | M66: 3 | N66: 27 | O66: 197 | P66: 7.30 | Q66: 1 | R66: 0 | S66: 0 | T66: 0 | V66: 0 | W66: 7 | X66: 2 | Y66: 1 | AA66: 1 | AB66: 180 | AC66: 180.3 | AD66: 191.3 | AE66: 183.3 | AF66: 6 | AG66: 11 | AH66: 62
B67: 63 | C67: TreVeyon Henderson | D67: NWE | E67: RB | F67: 23 | G67: 11 | H67: 3 | I67: 0 | J67: 0 | K67: 0 | L67: 0 | M67: 0 | N67: 100 | O67: 492 | P67: 4.92 | Q67: 5 | R67: 30 | S67: 26 | T67: 165 | U67: 6.35 | V67: 1 | W67: 1 | X67: 1 | Y67: 6 | AB67: 100 | AC67: 125.7 | AD67: 132.7 | AE67: 112.7 | AF67: 6 | AG67: 19 | AH67: 63
B68: 64 | C68: Quinshon Judkins | D68: CLE | E68: RB | F68: 22 | G68: 9 | H68: 9 | I68: 0 | J68: 0 | K68: 0 | L68: 0 | M68: 0 | N68: 157 | O68: 620 | P68: 3.95 | Q68: 5 | R68: 20 | S68: 14 | T68: 70 | U68: 5.00 | V68: 0 | W68: 0 | X68: 0 | Y68: 5 | AB68: 99 | AC68: 113.0 | AD68: 116.0 | AE68: 106.0 | AF68: 5 | AG68: 20 | AH68: 64
B69: 65 | C69: Kenneth Walker III | D69: SEA | E69: RB | F69: 25 | G69: 10 | H69: 10 | I69: 0 | J69: 0 | K69: 0 | L69: 0 | M69: 0 | N69: 136 | O69: 606 | P69: 4.46 | Q69: 4 | R69: 15 | S69: 14 | T69: 127 | U69: 9.07 | V69: 0 | W69: 0 | X69: 0 | Y69: 4 | AB69: 97 | AC69: 111.3 | AD69: 117.3 | AE69: 104.3 | AF69: 4 | AG69: 21 | AH69: 65
B70: 66 | C70: Dalton Kincaid | D70: BUF | E70: TE | F70: 26 | G70: 8 | H70: 3 | I70: 0 | J70: 0 | K70: 0 | L70: 0 | M70: 0 | N70: 0 | O70: 0 | Q70: 0 | R70: 36 | S70: 29 | T70: 448 | U70: 15.45 | V70: 4 | W70: 1 | X70: 0 | Y70: 4 | AB70: 69 | AC70: 97.8 | AD70: 100.8 | AE70: 83.3 | AF70: 3 | AG70: 7 | AH70: 66
B71: 67 | C71: Mark Andrews | D71: BAL | E71: TE | F71: 30 | G71: 10 | H71: 7 | I71: 0 | J71: 0 | K71: 0 | L71: 0 | M71: 0 | N71: 7 | O71: 43 | P71: 6.14 | Q71: 1 | R71: 43 | S71: 32 | T71: 276 | U71: 8.63 | V71: 5 | W71: 1 | X71: 0 | Y71: 6 | AB71: 68 | AC71: 99.9 | AD71: 102.9 | AE71: 83.9 | AF71: 3 | AG71: 8 | AH71: 67
B72: 68 | C72: Marvin Harrison Jr. | D72: ARI | E72: WR | F72: 23 | G72: 9 | H72: 9 | I72: 0 | J72: 0 | K72: 0 | L72: 0 | M72: 0 | N72: 0 | O72: 0 | Q72: 0 | R72: 62 | S72: 34 | T72: 525 | U72: 15.44 | V72: 4 | W72: 0 | X72: 0 | Y72: 4 | Z72: 1 | AB72: 79 | AC72: 112.5 | AD72: 115.5 | AE72: 95.5 | AF72: 2 | AG72: 28 | AH72: 68
B73: 69 | C73: Sam LaPorta | D73: DET | E73: TE | F73: 24 | G73: 9 | H73: 9 | I73: 0 | J73: 0 | K73: 0 | L73: 0 | M73: 0 | N73: 0 | O73: 0 | Q73: 0 | R73: 49 | S73: 40 | T73: 489 | U73: 12.23 | V73: 3 | W73: 0 | X73: 0 | Y73: 3 | AB73: 67 | AC73: 106.9 | AD73: 109.9 | AE73: 86.9 | AF73: 2 | AG73: 9 | AH73: 69
B74: 70 | C74: David Montgomery | D74: DET | E74: RB | F74: 28 | G74: 10 | H74: 0 | I74: 1 | J74: 1 | K74: 3 | L74: 1 | M74: 0 | N74: 110 | O74: 493 | P74: 4.48 | Q74: 5 | R74: 19 | S74: 15 | T74: 116 | U74: 7.73 | V74: 0 | W74: 1 | X74: 1 | Y74: 5 | Z74: 1 | AB74: 95 | AC74: 110.0 | AD74: 117.0 | AE74: 102.5 | AF74: 1 | AG74: 22 | AH74: 70
B75: 71 | C75: Chase Brown | D75: CIN | E75: RB | F75: 25 | G75: 10 | H75: 10 | I75: 0 | J75: 0 | K75: 0 | L75: 0 | M75: 0 | N75: 126 | O75: 519 | P75: 4.12 | Q75: 2 | R75: 53 | S75: 39 | T75: 229 | U75: 5.87 | V75: 1 | W75: 2 | X75: 0 | Y75: 3 | Z75: 1 | AB75: 95 | AC75: 133.8 | AD75: 139.8 | AE75: 114.3 | AF75: 1 | AG75: 23 | AH75: 71
B76: 72 | C76: Zay Flowers | D76: BAL | E76: WR | F76: 25 | G76: 10 | H76: 10 | I76: 0 | J76: 0 | K76: 0 | L76: 0 | M76: 0 | N76: 6 | O76: 31 | P76: 5.17 | Q76: 0 | R76: 71 | S76: 53 | T76: 703 | U76: 13.26 | V76: 1 | W76: 1 | X76: 1 | Y76: 1 | AB76: 77 | AC76: 130.4 | AD76: 134.4 | AE76: 103.9 | AF76: 1 | AG76: 29 | AH76: 72
B77: 73 | C77: Brock Bowers | D77: LVR | E77: TE | F77: 23 | G77: 7 | H77: 3 | I77: 0 | J77: 0 | K77: 0 | L77: 0 | M77: 0 | N77: 2 | O77: 2 | P77: 1.00 | Q77: 0 | R77: 55 | S77: 39 | T77: 455 | U77: 11.67 | V77: 3 | W77: 0 | X77: 0 | Y77: 3 | Z77: 1 | AB77: 66 | AC77: 104.7 | AD77: 107.7 | AE77: 85.2 | AF77: 1 | AG77: 11 | AH77: 73
B78: 74 | C78: Hunter Henry | D78: NWE | E78: TE | F78: 31 | G78: 11 | H78: 11 | I78: 0 | J78: 0 | K78: 0 | L78: 0 | M78: 0 | N78: 0 | O78: 0 | Q78: 0 | R78: 53 | S78: 34 | T78: 422 | U78: 12.41 | V78: 4 | W78: 0 | X78: 0 | Y78: 4 | AB78: 66 | AC78: 100.2 | AD78: 103.2 | AE78: 83.2 | AF78: 1 | AG78: 10 | AH78: 74
B79: 75 | C79: Jared Goff | D79: DET | E79: QB | F79: 31 | G79: 10 | H79: 10 | I79: 216 | J79: 310 | K79: 2490 | L79: 21 | M79: 4 | N79: 12 | O79: 22 | P79: 1.83 | Q79: 0 | R79: 0 | S79: 0 | T79: 0 | V79: 0 | W79: 3 | X79: 2 | Y79: 0 | AB79: 174 | AC79: 173.8 | AD79: 182.8 | AE79: 177.8 | AG79: 12 | AH79: 75
B80: 76 | C80: Jordan Love | D80: GNB | E80: QB | F80: 27 | G80: 10 | H80: 10 | I80: 210 | J80: 310 | K80: 2421 | L80: 15 | M80: 3 | N80: 33 | O80: 145 | P80: 4.39 | Q80: 0 | R80: 0 | S80: 0 | T80: 0 | V80: 0 | W80: 5 | X80: 2 | Y80: 0 | AA80: 2 | AB80: 165 | AC80: 165.3 | AD80: 176.3 | AE80: 168.3 | AG80: 13 | AH80: 76
B81: 77 | C81: Jaxson Dart | D81: NYG | E81: QB | F81: 22 | G81: 9 | H81: 7 | I81: 128 | J81: 204 | K81: 1417 | L81: 10 | M81: 3 | N81: 57 | O81: 317 | P81: 5.56 | Q81: 7 | R81: 0 | S81: 0 | T81: 0 | V81: 0 | W81: 3 | X81: 2 | Y81: 7 | AB81: 160 | AC81: 160.4 | AD81: 171.4 | AE81: 163.4 | AG81: 14 | AH81: 77
B82: 78 | C82: Trevor Lawrence | D82: JAX | E82: QB | F82: 26 | G82: 10 | H82: 10 | I82: 202 | J82: 338 | K82: 2151 | L82: 11 | M82: 8 | N82: 49 | O82: 181 | P82: 3.69 | Q82: 5 | R82: 0 | S82: 0 | T82: 0 | V82: 0 | W82: 4 | X82: 2 | Y82: 5 | AB82: 158 | AC82: 158.1 | AD82: 174.1 | AE82: 166.1 | AG82: 15 | AH82: 78
B83: 79 | C83: Sam Darnold | D83: SEA | E83: QB | F83: 28 | G83: 10 | H83: 10 | I83: 191 | J83: 272 | K83: 2541 | L83: 17 | M83: 10 | N83: 15 | O83: 50 | P83: 3.33 | Q83: 0 | R83: 0 | S83: 0 | T83: 0 | V83: 0 | W83: 5 | X83: 4 | Y83: 0 | AB83: 147 | AC83: 146.6 | AD83: 163.6 | AE83: 156.6 | AG83: 16
B84: 80 | C84: Aaron Rodgers | D84: PIT | E84: QB | F84: 42 | G84: 10 | H84: 10 | I84: 192 | J84: 289 | K84: 1969 | L84: 19 | M84: 7 | N84: 14 | O84: 26 | P84: 1.86 | Q84: 0 | R84: 0 | S84: 0 | T84: 0 | V84: 0 | W84: 2 | X84: 0 | Y84: 0 | AA84: 1 | AB84: 145 | AC84: 145.4 | AD84: 155.4 | AE84: 152.4 | AG84: 17
B85: 81 | C85: Justin Fields | D85: NYJ | E85: QB | F85: 26 | G85: 9 | H85: 9 | I85: 128 | J85: 204 | K85: 1259 | L85: 7 | M85: 1 | N85: 71 | O85: 383 | P85: 5.39 | Q85: 4 | R85: 1 | S85: 0 | T85: 0 | V85: 0 | W85: 4 | X85: 3 | Y85: 4 | Z85: 2 | AA85: 3 | AB85: 143 | AC85: 142.7 | AD85: 152.7 | AE85: 143.7 | AG85: 18
B86: 82 | C86: Lamar Jackson | D86: BAL | E86: QB | F86: 28 | G86: 7 | H86: 7 | I86: 117 | J86: 172 | K86: 1442 | L86: 15 | M86: 3 | N86: 39 | O86: 226 | P86: 5.79 | Q86: 1 | R86: 0 | S86: 0 | T86: 0 | V86: 0 | W86: 3 | X86: 1 | Y86: 1 | AA86: 1 | AB86: 140 | AC86: 140.3 | AD86: 150.3 | AE86: 143.3 | AG86: 19
B87: 83 | C87: Joe Flacco | D87: 2TM | E87: QB | F87: 40 | G87: 9 | H87: 9 | I87: 228 | J87: 373 | K87: 2268 | L87: 14 | M87: 9 | N87: 15 | O87: 28 | P87: 1.87 | Q87: 1 | R87: 0 | S87: 0 | T87: 0 | V87: 0 | W87: 3 | X87: 3 | Y87: 1 | AA87: 2 | AB87: 136 | AC87: 135.5 | AD87: 150.5 | AE87: 144.5 | AG87: 20
B88: 84 | C88: Tua Tagovailoa | D88: MIA | E88: QB | F88: 27 | G88: 11 | H88: 11 | I88: 213 | J88: 312 | K88: 2123 | L88: 17 | M88: 13 | N88: 14 | O88: 38 | P88: 2.71 | Q88: 0 | R88: 0 | S88: 0 | T88: 0 | V88: 0 | W88: 6 | X88: 1 | Y88: 0 | AA88: 1 | AB88: 131 | AC88: 130.7 | AD88: 147.7 | AE88: 143.7 | AG88: 21
B89: 85 | C89: Mac Jones | D89: SFO | E89: QB | F89: 27 | G89: 9 | H89: 8 | I89: 201 | J89: 289 | K89: 2151 | L89: 13 | M89: 6 | N89: 31 | O89: 61 | P89: 1.97 | Q89: 0 | R89: 0 | S89: 0 | T89: 0 | V89: 0 | W89: 4 | X89: 2 | Y89: 0 | AA89: 1 | AB89: 130 | AC89: 130.1 | AD89: 141.1 | AE89: 136.1 | AG89: 22
B90: 86 | C90: Bryce Young | D90: CAR | E90: QB | F90: 24 | G90: 10 | H90: 10 | I90: 197 | J90: 314 | K90: 1962 | L90: 14 | M90: 7 | N90: 23 | O90: 83 | P90: 3.61 | Q90: 1 | R90: 0 | S90: 0 | T90: 0 | V90: 0 | W90: 6 | X90: 4 | Y90: 1 | AA90: 1 | AB90: 129 | AC90: 128.8 | AD90: 142.8 | AE90: 135.8 | AG90: 23
B91: 87 | C91: C.J. Stroud | D91: HOU | E91: QB | F91: 24 | G91: 8 | H91: 8 | I91: 161 | J91: 242 | K91: 1702 | L91: 11 | M91: 5 | N91: 29 | O91: 189 | P91: 6.52 | Q91: 0 | R91: 0 | S91: 0 | T91: 0 | V91: 0 | W91: 0 | X91: 0 | Y91: 0 | AB91: 121 | AC91: 121.0 | AD91: 132.0 | AE91: 126.0 | AG91: 24
B92: 88 | C92: Michael Penix | D92: ATL | E92: QB | F92: 25 | G92: 9 | H92: 9 | I92: 166 | J92: 276 | K92: 1982 | L92: 9 | M92: 3 | N92: 21 | O92: 70 | P92: 3.33 | Q92: 1 | R92: 0 | S92: 0 | T92: 0 | V92: 0 | W92: 4 | X92: 2 | Y92: 1 | AA92: 1 | AB92: 120 | AC92: 120.3 | AD92: 128.3 | AE92: 123.3 | AG92: 25
B93: 89 | C93: Geno Smith | D93: LVR | E93: QB | F93: 35 | G93: 10 | H93: 10 | I93: 205 | J93: 309 | K93: 2082 | L93: 12 | M93: 13 | N93: 34 | O93: 102 | P93: 3.00 | Q93: 0 | R93: 0 | S93: 0 | T93: 0 | V93: 0 | W93: 1 | X93: 0 | Y93: 0 | AA93: 1 | AB93: 117 | AC93: 117.5 | AD93: 136.5 | AE93: 130.5 | AG93: 26
B94: Rk | C94: Player | D94: Tm | E94: FantPos | F94: Age | G94: G | H94: GS | I94: Cmp | J94: Att | K94: Yds | L94: TD | M94: Int | N94: Att | O94: Yds | P94: Y/A | Q94: TD | R94: Tgt | S94: Rec | T94: Yds | U94: Y/R | V94: TD | W94: Fmb | X94: FL | Y94: TD | Z94: 2PM | AA94: 2PP | AB94: FantPt | AC94: PPR | AD94: DKPt | AE94: FDPt | AF94: VBD | AG94: PosRank | AH94: OvRank
B95: 90 | C95: Jayden Daniels | D95: WAS | E95: QB | F95: 25 | G95: 6 | H95: 6 | I95: 105 | J95: 168 | K95: 1184 | L95: 8 | M95: 2 | N95: 54 | O95: 262 | P95: 4.85 | Q95: 2 | R95: 0 | S95: 0 | T95: 0 | V95: 0 | W95: 3 | X95: 2 | Y95: 2 | AA95: 1 | AB95: 112 | AC95: 111.6 | AD95: 121.6 | AE95: 113.6 | AG95: 27
B96: 91 | C96: Jacoby Brissett | D96: ARI | E96: QB | F96: 33 | G96: 7 | H96: 5 | I96: 142 | J96: 213 | K96: 1570 | L96: 10 | M96: 3 | N96: 21 | O96: 80 | P96: 3.81 | Q96: 1 | R96: 0 | S96: 0 | T96: 0 | V96: 0 | W96: 4 | X96: 3 | Y96: 1 | AA96: 1 | AB96: 107 | AC96: 106.8 | AD96: 115.8 | AE96: 109.8 | AG96: 28
B97: 92 | C97: Spencer Rattler | D97: NOR | E97: QB | F97: 25 | G97: 8 | H97: 8 | I97: 174 | J97: 256 | K97: 1586 | L97: 8 | M97: 5 | N97: 31 | O97: 167 | P97: 5.39 | Q97: 0 | R97: 2 | S97: 1 | T97: 0 | U97: 0.00 | V97: 0 | W97: 4 | X97: 2 | Y97: 0 | AB97: 98 | AC97: 99.1 | AD97: 112.1 | AE97: 103.6 | AG97: 29
B98: 93 | C98: Jaylen Warren | D98: PIT | E98: RB | F98: 27 | G98: 9 | H98: 9 | I98: 0 | J98: 0 | K98: 0 | L98: 0 | M98: 0 | N98: 123 | O98: 536 | P98: 4.36 | Q98: 2 | R98: 28 | S98: 25 | T98: 219 | U98: 8.76 | V98: 1 | W98: 0 | X98: 0 | Y98: 3 | AB98: 94 | AC98: 118.5 | AD98: 124.5 | AE98: 106.0 | AG98: 24
B99: 94 | C99: Marcus Mariota | D99: WAS | E99: QB | F99: 32 | G99: 7 | H99: 5 | I99: 92 | J99: 140 | K99: 1065 | L99: 7 | M99: 5 | N99: 27 | O99: 193 | P99: 7.15 | Q99: 1 | R99: 0 | S99: 0 | T99: 0 | V99: 0 | W99: 2 | X99: 1 | Y99: 1 | AA99: 1 | AB99: 86 | AC99: 85.9 | AD99: 97.9 | AE99: 90.9 | AG99: 31
B100: 95 | C100: Cam Ward | D100: TEN | E100: QB | F100: 23 | G100: 10 | H100: 10 | I100: 194 | J100: 332 | K100: 1954 | L100: 6 | M100: 6 | N100: 21 | O100: 79 | P100: 3.76 | Q100: 0 | R100: 0 | S100: 0 | T100: 0 | V100: 0 | W100: 8 | X100: 6 | Y100: 0 | AB100: 86 | AC100: 86.1 | AD100: 101.1 | AE100: 92.1 | AG100: 30
B101: 96 | C101: Kareem Hunt | D101: KAN | E101: RB | F101: 30 | G101: 10 | H101: 2 | I101: 0 | J101: 0 | K101: 0 | L101: 0 | M101: 0 | N101: 86 | O101: 353 | P101: 4.10 | Q101: 6 | R101: 13 | S101: 10 | T101: 66 | U101: 6.60 | V101: 1 | W101: 1 | X101: 0 | Y101: 7 | AB101: 84 | AC101: 93.9 | AD101: 96.9 | AE101: 88.9 | AG101: 25
...

Sheet 2024 Over_Under
B1: Team | C1: Over Wins | D1: Under Wins | E1: Cover Wins | F1: Not Cover
A2: =_xlfn.XLOOKUP(B2,Teams!E:E,Teams!D:D, " ") -> #VALUE! | B2: ATL | C2: 7 | D2: 10 | E2: 7 | F2: 10 | K2: Team | L2: Location | M2: Over Wins | N2: Under Wins | O2: Cover Wins | P2: Not Cover | Q2: Total Games | R2: Team | S2: Location | T2: Over Wins | U2: Under Wins | V2: Cover Wins | W2: Not Cover | X2: Total Games
A3: =_xlfn.XLOOKUP(B3,Teams!E:E,Teams!D:D, " ") -> #VALUE! | B3: BUF | C3: 12 | D3: 5 | E3: 10 | F3: 7 | K3: ATL | L3: Away | M3: 4 | N3: 4 | O3: 4 | P3: 4 | Q3: 8 | R3: ATL | S3: Home | T3: 3 | U3: 6 | V3: 3 | W3: 6 | X3: 9
A4: =_xlfn.XLOOKUP(B4,Teams!E:E,Teams!D:D, " ") -> #VALUE! | B4: CAR | C4: 13 | D4: 4 | E4: 8 | F4: 9 | K4: BUF | L4: Away | M4: 5 | N4: 4 | O4: 5 | P4: 4 | Q4: 9 | R4: BUF | S4: Home | T4: 7 | U4: 1 | V4: 5 | W4: 3 | X4: 8
A5: =_xlfn.XLOOKUP(B5,Teams!E:E,Teams!D:D, " ") -> #VALUE! | B5: CHI | C5: 7 | D5: 10 | E5: 9 | F5: 8 | K5: CAR | L5: Away | M5: 6 | N5: 2 | O5: 3 | P5: 5 | Q5: 8 | R5: CAR | S5: Home | T5: 7 | U5: 2 | V5: 5 | W5: 4 | X5: 9
A6: =_xlfn.XLOOKUP(B6,Teams!E:E,Teams!D:D, " ") -> #VALUE! | B6: CIN | C6: 11 | D6: 6 | E6: 10 | F6: 7 | K6: CHI | L6: Away | M6: 2 | N6: 6 | O6: 2 | P6: 6 | Q6: 8 | R6: CHI | S6: Home | T6: 5 | U6: 4 | V6: 7 | W6: 2 | X6: 9
A7: =_xlfn.XLOOKUP(B7,Teams!E:E,Teams!D:D, " ") -> #VALUE! | B7: CLE | C7: 7 | D7: 10 | E7: 4 | F7: 13 | K7: CIN | L7: Away | M7: 5 | N7: 4 | O7: 7 | P7: 2 | Q7: 9 | R7: CIN | S7: Home | T7: 6 | U7: 2 | V7: 3 | W7: 5 | X7: 8
A8: =_xlfn.XLOOKUP(B8,Teams!E:E,Teams!D:D, " ") -> #VALUE! | B8: CLT | C8: 9 | D8: 8 | E8: 8 | F8: 9 | K8: CLE | L8: Away | M8: 4 | N8: 5 | O8: 2 | P8: 7 | Q8: 9 | R8: CLE | S8: Home | T8: 3 | U8: 5 | V8: 2 | W8: 6 | X8: 8
A9: =_xlfn.XLOOKUP(B9,Teams!E:E,Teams!D:D, " ") -> #VALUE! | B9: CRD | C9: 9 | D9: 8 | E9: 11 | F9: 6 | K9: CLT | L9: Away | M9: 4 | N9: 5 | O9: 3 | P9: 6 | Q9: 9 | R9: CLT | S9: Home | T9: 5 | U9: 3 | V9: 5 | W9: 3 | X9: 8
A10: =_xlfn.XLOOKUP(B10,Teams!E:E,Teams!D:D, " ") -> #VALUE! | B10: DAL | C10: 11 | D10: 6 | E10: 7 | F10: 10 | K10: CRD | L10: Away | M10: 4 | N10: 4 | O10: 5 | P10: 3 | Q10: 8 | R10: CRD | S10: Home | T10: 5 | U10: 4 | V10: 6 | W10: 3 | X10: 9
A11: =_xlfn.XLOOKUP(B11,Teams!E:E,Teams!D:D, " ") -> #VALUE! | B11: DEN | C11: 10 | D11: 7 | E11: 11 | F11: 6 | K11: DAL | L11: Away | M11: 5 | N11: 3 | O11: 4 | P11: 4 | Q11: 8 | R11: DAL | S11: Home | T11: 6 | U11: 3 | V11: 3 | W11: 6 | X11: 9
A12: =_xlfn.XLOOKUP(B12,Teams!E:E,Teams!D:D, " ") -> #VALUE! | B12: DET | C12: 9 | D12: 8 | E12: 12 | F12: 5 | K12: DEN | L12: Away | M12: 6 | N12: 3 | O12: 5 | P12: 4 | Q12: 9 | R12: DEN | S12: Home | T12: 4 | U12: 4 | V12: 6 | W12: 2 | X12: 8
A13: =_xlfn.XLOOKUP(B13,Teams!E:E,Teams!D:D, " ") -> #VALUE! | B13: GNB | C13: 8 | D13: 9 | E13: 9 | F13: 8 | K13: DET | L13: Away | M13: 4 | N13: 4 | O13: 7 | P13: 1 | Q13: 8 | R13: DET | S13: Home | T13: 5 | U13: 4 | V13: 5 | W13: 4 | X13: 9
A14: =_xlfn.XLOOKUP(B14,Teams!E:E,Teams!D:D, " ") -> #VALUE! | B14: HTX | C14: 6 | D14: 11 | E14: 7 | F14: 10 | K14: GNB | L14: Away | M14: 5 | N14: 3 | O14: 4 | P14: 4 | Q14: 8 | R14: GNB | S14: Home | T14: 3 | U14: 6 | V14: 5 | W14: 4 | X14: 9
... A33: =_xlfn.XLOOKUP(B33,Teams!E:E,Teams!D:D, " ") -> #VALUE! | B33: WAS | C33: 11 | D33: 6 | E33: 10 | F33: 7 | K33: TAM | L33: Away | M33: 6 | N33: 2 | O33: 5 | P33: 3 | Q33: 8 | R33: TAM | S33: Home | T33: 6 | U33: 3 | V33: 5 | W33: 4 | X33: 9
K34: WAS | L34: Away | M34: 5 | N34: 3 | O34: 3 | P34: 5 | Q34: 8 | R34: WAS | S34: Home | T34: 6 | U34: 3 | V34: 7 | W34: 2 | X34: 9

Sheet Teams
A1: Team Rankings | B1: Pro-football-reference | C1: Color Codes | D1: Logo | E1: PYTHON | F1: Fanduel
A2: Arizona | B2: Arizona Cardinals | C2: B01E3E | D2: #VALUE! | E2: CRD | F2: ARI
A3: Atlanta | B3: Atlanta Falcons | C3: C3122D | D3: #VALUE! | E3: ATL
A4: Baltimore | B4: Baltimore Ravens | C4: 240B61, A77700 | D4: #VALUE! | E4: RAV | F4: BAL
A5: Buffalo | B5: Buffalo Bills | C5: 3091, E7042D | D5: #VALUE! | E5: BUF | F5: BUF
A6: Carolina | B6: Carolina Panthers | C6: 0086D3 | D6: #VALUE! | E6: CAR | F6: CAR
A7: Chicago | B7: Chicago Bears | C7: FF3F00, 000F26 | D7: #VALUE! | E7: CHI | F7: CHI
A8: Cincinnati | B8: Cincinnati Bengals | C8: FF4E02 | D8: #VALUE! | E8: CIN | F8: CIN
A9: Cleveland | B9: Cleveland Browns | C9: FF3900, 302D32 | D9: #VALUE! | E9: CLE | F9: CLE
A10: Dallas | B10: Dallas Cowboys | C10: 001D43 | D10: #VALUE! | E10: DAL | F10: DAL
A11: Denver | B11: Denver Broncos | C11: FF4B00, 001D41 | D11: #VALUE! | E11: DEN | F11: DEN
A12: Detroit | B12: Detroit Lions | C12: 0077BA, AFB7BC | D12: #VALUE! | E12: DET | F12: DET
A13: Green Bay | B13: Green Bay Packers | C13: 03342D, FEBD15 | D13: #VALUE! | E13: GNB | F13: GB
A14: Houston | B14: Houston Texans | C14: FF0024, 000711 | D14: #VALUE! | E14: HTX | F14: HOU
A15: Indianapolis | B15: Indianapolis Colts | C15: 00306B, | D15: #VALUE! | E15: CLT | F15: IND
... A33: Washington | B33: Washington Commanders | C33: 690C0C, FFB700 | D33: #VALUE! | E33: WAS | F33: WAS
